https://remoteok.io/remote-jobs/70723-remote-software-engineer-spencers,"",,Remote
https://remoteok.io/remote-jobs/70724-remote-software-developer-spencers,"",,Remote
https://remoteok.io/remote-jobs/70711-remote-software-development-engineer-test-thermopylae-sciences-and-technology,"Remote, web",,"Ruby, Remote"
https://remoteok.io/remote-jobs/70709-remote-intermediate-full-stack-developer-continued,"",,"React, Remote"
https://remoteok.io/remote-jobs/70700-remote-django-python-developer-divio,"Sweden, cloud",,"React, Remote"
https://remoteok.io/remote-jobs/70690-remote-product-manager-remote-pitchstone-technology,"",,Remote
https://remoteok.io/remote-jobs/70686-remote-senior-c-c-developer-pex,"",,Remote
https://remoteok.io/remote-jobs/70684-remote-senior-web-developer-authority-partners,"",,Remote
https://remoteok.io/remote-jobs/70677-remote-laravel-api-developer-dealer-inspire,Year,,"React, Remote"
https://remoteok.io/remote-jobs/70678-remote-principal-software-engineer-hirestarter,Web,,"React, Remote"
https://remoteok.io/remote-jobs/70675-remote-senior-native-app-developer-with-an-interest-react-native-scalable-path,"",,"React, Remote"
https://remoteok.io/remote-jobs/70671-remote-unity-3d-webgl-graphics-developer-maplarge,"Events, person",,Remote
https://remoteok.io/remote-jobs/70669-remote-senior-android-developer-nymcard,"",,Remote
https://remoteok.io/remote-jobs/70670-remote-tdd-developer-epic-industries,Uk,,Remote
https://remoteok.io/remote-jobs/70665-remote-software-engineering-manager-sem-100k-year-remote-work-crossover,"",,Remote
https://remoteok.io/remote-jobs/70663-remote-front-end-software-engineer-30k-year-remote-work-crossover,"",,"React, Remote"
https://remoteok.io/remote-jobs/70659-remote-c-net-software-architect-60k-year-remote-work-crossover,"",,Remote
https://remoteok.io/remote-jobs/70655-remote-java-software-architect-60k-year-remote-work-crossover,"",,Remote
https://remoteok.io/remote-jobs/70651-remote-java-software-engineer-30k-year-remote-work-crossover,"",,Remote
https://remoteok.io/remote-jobs/70649-remote-c-net-software-engineer-30k-year-remote-work-crossover,"",,Remote
https://remoteok.io/remote-jobs/70634-remote-full-stack-developer-sulvo,"",,Remote
https://remoteok.io/remote-jobs/70630-remote-ruby-on-rails-developer-litmus,"",,"Ruby, Remote"
https://remoteok.io/remote-jobs/70628-remote-mid-level-asp-net-mvc-developer-clear-function,"",,Remote
https://remoteok.io/remote-jobs/70625-remote-platform-developer-usa-today-network,"",,"Ruby, Remote"
https://remoteok.io/remote-jobs/70619-remote-senior-javascript-developer-remote-f-m-x-kontist,"",,Remote
https://remoteok.io/remote-jobs/70613-remote-senior-vuejs-engineer-codelitt,"",,Remote
https://remoteok.io/remote-jobs/70611-remote-senior-golang-engineer-codelitt,"",,Remote
https://remoteok.io/remote-jobs/70601-remote-software-engineer-front-end-thrive-global,Science,,Remote
https://remoteok.io/remote-jobs/70596-remote-senior-software-engineer-upgrade,Be,,Remote
https://remoteok.io/remote-jobs/70590-remote-web-developer-tao-leadership,But,,"React, Remote"
https://remoteok.io/remote-jobs/70592-remote-magento-developer-gauge,Are,,Remote
https://remoteok.io/remote-jobs/70586-remote-c-developer-3-month-contract-flexhire,"",,Remote
https://remoteok.io/remote-jobs/70576-remote-wordpress-developer-self-decode,Recommendations,,Remote
https://remoteok.io/remote-jobs/70574-remote-software-developer-form3-financial-cloud,Cloud,,Remote
https://remoteok.io/remote-jobs/70569-remote-sitecore-developer-a,Developer,,"React, Remote"
https://remoteok.io/remote-jobs/70561-remote-java-developer-seeq-corporation,"",,Remote
https://remoteok.io/remote-jobs/70558-remote-php-entwickler-inpsyde,"",,Remote
https://remoteok.io/remote-jobs/70559-remote-php-developer-enterprise-level,"",,Remote
https://remoteok.io/remote-jobs/70557-remote-full-stack-web-developer-soci,"",,Remote
https://remoteok.io/remote-jobs/70550-remote-senior-frontend-developer-codership,"",,"React, Remote, Graphql"
https://remoteok.io/remote-jobs/70551-remote-reactjs-developer-nagarro,"",,"React, Remote"
https://remoteok.io/remote-jobs/70552-remote-senior-java-developer-nagarro,"",,Remote
https://remoteok.io/remote-jobs/70524-remote-sr-roku-developer-gorilla-logic,"",,Remote
https://remoteok.io/remote-jobs/70522-remote-developer-gaggle-net,Java,,Remote
https://remoteok.io/remote-jobs/70518-remote-software-solutions-architect-citrusbyte,"",,"Ruby, Elixir, Remote"
https://remoteok.io/remote-jobs/70516-remote-ios-developer-big-nerd-ranch,Learning,,"Ruby, React, Remote"
https://remoteok.io/remote-jobs/70512-remote-front-end-javascript-developer-vue-js-react-angular2-soshace,"",,"React, Remote"
https://remoteok.io/remote-jobs/70510-remote-javascript-developer-digital-science,Javascript,,"React, Remote"
https://remoteok.io/remote-jobs/70508-remote-software-engineer-backend-remote-numbrs-personal-finance-ag,Service,,Remote
https://remoteok.io/remote-jobs/70505-remote-full-stack-developer-for-human-potential-network-needed-crealiity-network-development,"",,Remote
https://remoteok.io/remote-jobs/70491-remote-javascript-developer-big-nerd-ranch,Learning,,"React, Remote, Graphql"
https://remoteok.io/remote-jobs/70492-remote-android-developer-x-mode-social,"Data, location",,Remote
https://remoteok.io/remote-jobs/70484-remote-senior-golang-developer-codesigned,"",,Remote
https://remoteok.io/remote-jobs/70485-remote-senior-react-native-developer-quimbee,"",,"React, Remote"
https://remoteok.io/remote-jobs/70480-remote-senior-technical-director-of-the-coc-software-zumtobel-group,Culture,,"React, Remote"
https://remoteok.io/remote-jobs/70478-remote-senior-ios-developer-neybox-digital,"",,Remote
https://remoteok.io/remote-jobs/70615-remote-microstrategy-developer-spencers,Solution,,Remote
https://remoteok.io/remote-jobs/70470-remote-full-stack-drupal-developer-pega,"",,Remote
https://remoteok.io/remote-jobs/70466-remote-financial-reporting-developer-mednax,"",,Remote
https://remoteok.io/remote-jobs/70460-remote-vb6-developer-ixstrata,Vb6,,Remote
https://remoteok.io/remote-jobs/70461-remote-intermediate-senior-ios-macos-developer-marketcircle,"",,Remote
https://remoteok.io/remote-jobs/70463-remote-web-developer-wolverine-tech,"",,Remote
https://remoteok.io/remote-jobs/70462-remote-php-programmer-developer-intelisys,"",,Remote
https://remoteok.io/remote-jobs/70454-remote-developer-harris,Software,,"Ruby, Remote"
https://remoteok.io/remote-jobs/70448-remote-content-developer-unity3d-xml-labster,"",,Remote
https://remoteok.io/remote-jobs/70446-remote-software-engineer-backend-numbrs-personal-finance-ag,Service,,Remote
https://remoteok.io/remote-jobs/70528-remote-frontend-developer-webworks-nurnberg-ug,"",,"React, Remote"
https://remoteok.io/remote-jobs/70444-remote-platform-developer-usa-today-network,"",,Remote
https://remoteok.io/remote-jobs/70442-remote-senior-front-end-software-developer-navis,Be,,"React, Remote"
https://remoteok.io/remote-jobs/70530-remote-php-backend-developer-webworks-nurnberg-ug,"",,"React, Remote"
https://remoteok.io/remote-jobs/70424-remote-node-js-javascript-senior-developer-team-director,Us,,Remote
https://remoteok.io/remote-jobs/70410-remote-intermediate-full-stack-developer-colony-networks,Is,,"React, Remote"
https://remoteok.io/remote-jobs/70406-remote-react-developer-trainer-road,"",,"React, Remote"
https://remoteok.io/remote-jobs/70404-remote-software-engineer-nagarro,"",,Remote
https://remoteok.io/remote-jobs/70400-remote-software-engineer-thycotic,(key,,Remote
https://remoteok.io/remote-jobs/70403-remote-software-engineer-mednax,"",,Remote
https://remoteok.io/remote-jobs/70398-remote-senior-java-backend-developer-with-accounting-domain-experience-viabill-a-s,Europe,,Remote
https://remoteok.io/remote-jobs/70387-remote-senior-node-js-react-developer-highereducation,"",,"React, Remote, Graphql"
https://remoteok.io/remote-jobs/70383-remote-software-engineer-frontend-stencila,"",,"React, Remote"
https://remoteok.io/remote-jobs/70379-remote-senior-front-end-developer-adopt-a-pet-com,Culture,,Remote
https://remoteok.io/remote-jobs/70373-remote-full-stack-rails-developer-100-remote-team-it-security-security-roots-ltd-,"",,Remote
https://remoteok.io/remote-jobs/70369-remote-react-react-native-developer-undefined,"",,"React, Remote"
https://remoteok.io/remote-jobs/70360-remote-senior-backend-software-engineer-transportant,"",,Remote
https://remoteok.io/remote-jobs/70358-remote-full-stack-developer-riders-share,"",,Remote
https://remoteok.io/remote-jobs/70356-remote-senior-android-developer-highrise,"",,Remote
https://remoteok.io/remote-jobs/70353-remote-senior-java-developer-hazelcast,"",,Remote
https://remoteok.io/remote-jobs/70350-remote-senior-software-engineer-smiledirectclub,Container,,"Ruby, Remote"
https://remoteok.io/remote-jobs/70345-remote-senior-ios-mobile-developer-curotec,"",,Remote
https://remoteok.io/remote-jobs/70347-remote-senior-full-stack-developer-sanborn,"",,"React, Remote"
https://remoteok.io/remote-jobs/70341-remote-lead-developer-advocate-dashbird,"",,Remote
https://remoteok.io/remote-jobs/70339-remote-community-developer-advocate-omnisci,Community,,Remote
https://remoteok.io/remote-jobs/70334-remote-senior-cloud-java-developer-railroad19,"",,Remote
https://remoteok.io/remote-jobs/70330-remote-front-end-developer-platform-sh,"",,Remote
https://remoteok.io/remote-jobs/70324-remote-full-stack-developer-sulvo,"",,Remote
https://remoteok.io/remote-jobs/70316-remote-backend-developer-advocate,"",,"React, Remote"
https://remoteok.io/remote-jobs/70318-remote-front-end-developer-nebulab,Culture,,"Ruby, React, Remote"
https://remoteok.io/remote-jobs/70314-remote-ruby-on-rails-developer-nebulab,Culture,,"Ruby, React, Remote"
https://remoteok.io/remote-jobs/70308-remote-java-developer-mobiquity,"",,Remote
https://remoteok.io/remote-jobs/70307-remote-senior-software-engineer-backend-thrive-global,"",,Remote
https://remoteok.io/remote-jobs/70294-remote-software-quality-assurance-engineer-platform-sh,"",,Remote
https://remoteok.io/remote-jobs/70598-remote-senior-software-engineer-upgrade,Be,,Remote
https://remoteok.io/remote-jobs/70286-remote-full-stack-developer-quicargo,Is,,Remote
https://remoteok.io/remote-jobs/70282-remote-windows-desktop-developer-toggl,"",,Remote
https://remoteok.io/remote-jobs/70276-remote-senior-ruby-developer-contrast-security,"",,"Ruby, Remote"
https://remoteok.io/remote-jobs/70274-remote-senior-software-engineer-auth0,"",,Remote
https://remoteok.io/remote-jobs/70271-remote-web-developer-java-omnitec-solutions,"Rockville, area",,Remote
https://remoteok.io/remote-jobs/70272-remote-senior-c-software-developer-southern-software,"",,Remote
https://remoteok.io/remote-jobs/70335-remote-software-engineer-learning-without-tears,"",,"React, Remote"
https://remoteok.io/remote-jobs/70262-remote-python-developer-emoney-advisor,Microservice,,"React, Remote"
https://remoteok.io/remote-jobs/70263-remote-mobile-developer-emoney-advisor,"",,"React, Remote"
https://remoteok.io/remote-jobs/70632-remote-java-angular-developer-for-enterprise-sized-project-portland-webworks,"",,"React, Remote"
https://remoteok.io/remote-jobs/70253-remote-web-developer-skf,"",,"React, Remote"
https://remoteok.io/remote-jobs/70251-remote-software-engineer-architect-bigchange-apps,"",,Remote
https://remoteok.io/remote-jobs/70456-remote-software-architect-harris,Specifications,,"React, Remote"
https://remoteok.io/remote-jobs/70246-remote-front-end-react-redux-developer-fatv,"",,"React, Remote"
https://remoteok.io/remote-jobs/70235-remote-senior-ios-developer-nymcard,"",,Remote
https://remoteok.io/remote-jobs/70231-remote-front-end-ux-ui-developer-bluemodus,"",,Remote
https://remoteok.io/remote-jobs/70225-remote-asp-net-softwareentwickler-developer-witron-gruppe,"",,Remote
https://remoteok.io/remote-jobs/70222-remote-mobile-app-developer-clevertech,Feature,,Remote
https://remoteok.io/remote-jobs/70216-remote-frontend-javascript-developer-self-decode,Recommendations,,"React, Remote"
https://remoteok.io/remote-jobs/70207-remote-magento-developer-gauge,Are,,Remote
https://remoteok.io/remote-jobs/70455-remote-salesforce-developer-lendinvest,"",,Remote
https://remoteok.io/remote-jobs/70238-remote-passionate-php-web-developer-with-laravel-experince-wanted-uk-ireland-idgateway,And,,Remote
https://remoteok.io/remote-jobs/70198-remote-senior-full-stack-developer-browzzin-pte,"",,Remote
https://remoteok.io/remote-jobs/70199-remote-experienced-ocaml-developer-komodo-platform,"",,Remote
https://remoteok.io/remote-jobs/70192-remote-javascript-node-js-react-developer-paperpile,"",,"React, Remote"
https://remoteok.io/remote-jobs/70190-remote-seasoned-meteor-developer-who-can-help-us-change-the-world-of-corporate-finance-capx,"",,Remote
https://remoteok.io/remote-jobs/70185-remote-front-end-web-developer-healthprize-technologies,Harassment,,"React, Remote"
https://remoteok.io/remote-jobs/70186-remote-frontend-software-engineer-swimlane,"",,"React, Remote"
https://remoteok.io/remote-jobs/70180-remote-senior-backend-developer-sonect,"",,Remote
https://remoteok.io/remote-jobs/70178-remote-senior-web-developer-bluemodus,"",,Remote
https://remoteok.io/remote-jobs/70176-remote-full-stack-developer-jbs-custom-software-solutions,Rest,,"React, Remote"
https://remoteok.io/remote-jobs/70170-remote-senior-software-engineer-xaml-apply-if-youre-in-europe-or-mexico-synergy-sports-technology,Desired,,Remote
https://remoteok.io/remote-jobs/70165-remote-software-engineer-front-end-sdvi,Linux,,Remote
https://remoteok.io/remote-jobs/70166-remote-software-engineer-back-end-sdvi,Linux,,Remote
https://remoteok.io/remote-jobs/70163-remote-software-engineer-cardinal-financial,"",,Remote
https://remoteok.io/remote-jobs/70157-remote-senior-software-development-engineer-cinemassive,"",,Remote
https://remoteok.io/remote-jobs/70154-remote-senior-front-end-developer-cinemassive,"",,"React, Remote"
https://remoteok.io/remote-jobs/70155-remote-automation-test-developer-cinemassive,"",,Remote
https://remoteok.io/remote-jobs/70150-remote-senior-developer-usatestprep,Company,,"React, Remote"
https://remoteok.io/remote-jobs/70148-remote-go-software-engineer-scylladb,"",,Remote
https://remoteok.io/remote-jobs/70146-remote-java-developer-intland-software,Java,,Remote
https://remoteok.io/remote-jobs/70142-remote-android-developer-savvy-apps,Us,,Remote
https://remoteok.io/remote-jobs/70144-remote-senior-software-engineer-finetune-learning,"",,"React, Remote, Graphql"
https://remoteok.io/remote-jobs/70133-remote-senior-web-frontend-react-typescript-developer-language-drops,"",,"React, Remote"
https://remoteok.io/remote-jobs/70131-remote-senior-software-engineer-front-end-maxwell-health,Web,,"React, Remote"
https://remoteok.io/remote-jobs/70129-remote-senior-software-engineer-back-end-maxwell-health,Web,,"React, Remote"
https://remoteok.io/remote-jobs/70127-remote-front-end-developer-gathercontent,Uk,,Remote
https://remoteok.io/remote-jobs/70125-remote-product-ux-focused-net-developer-enliven,Web,,Remote
https://remoteok.io/remote-jobs/70121-remote-front-end-react-developer-crazygames,Partially,,"React, Remote"
https://remoteok.io/remote-jobs/70119-remote-looking-for-a-freelance-meteorjs-cordova-developer-for-sporadic-work-for-2019-foove,"",,Remote
https://remoteok.io/remote-jobs/70114-remote-front-end-javascript-html5-software-developer-prometheum,"",,"React, Remote"
https://remoteok.io/remote-jobs/70109-remote-full-stack-javascript-developer-soshace,"",,"React, Remote"
https://remoteok.io/remote-jobs/70168-remote-web-developer-33-mile-radius,Properties,,Remote
https://remoteok.io/remote-jobs/70099-remote-front-end-developer-a,"",,"React, Remote"
https://remoteok.io/remote-jobs/70077-remote-mid-level-frontend-developer-britecore,Web,,Remote
https://remoteok.io/remote-jobs/70075-remote-ruby-on-rail-developer-baldwin-aviation,*nix,,"Ruby, Remote"
https://remoteok.io/remote-jobs/70071-remote-golang-developer-real-staffing,"",,Remote
https://remoteok.io/remote-jobs/70067-remote-ambitious-react-native-developer-to-build-creative-and-disruptive-startups-creatella,"",,"React, Remote"
https://remoteok.io/remote-jobs/70069-remote-developer-test-krakow-global-app-testing,"",,"Ruby, Remote"
https://remoteok.io/remote-jobs/70063-remote-javascript-chief-software-architect-100k-year-crossover,"",,Remote
https://remoteok.io/remote-jobs/70061-remote-front-end-software-engineer-30k-year-crossover,"",,"React, Remote"
https://remoteok.io/remote-jobs/70057-remote-c-net-software-engineer-30k-year-remote-work-crossover,"",,Remote
https://remoteok.io/remote-jobs/70055-remote-java-software-engineering-manager-100k-year-crossover,"",,Remote
https://remoteok.io/remote-jobs/70101-remote-full-stack-developer-sulvo,"",,Remote
https://remoteok.io/remote-jobs/70053-remote-backend-python-django-developer-self-decode,Recommendations,,"React, Remote"
https://remoteok.io/remote-jobs/70047-remote-servicenow-developer-mindbody,Servicenow,,Remote
https://remoteok.io/remote-jobs/70049-remote-lead-interactive-developer-mav-farm,"",,Remote
https://remoteok.io/remote-jobs/70044-remote-software-engineer-backend-mav-farm,"",,Remote
https://remoteok.io/remote-jobs/70043-remote-react-developer-trainer-road,"",,"React, Remote"
https://remoteok.io/remote-jobs/70019-remote-backend-developer-savvy-apps,Us,,Remote
https://remoteok.io/remote-jobs/70041-remote-senior-software-developer-spencers,Java,,Remote
https://remoteok.io/remote-jobs/70037-remote-blockchain-smart-contracts-developer-pachama-inc-,Iteration,,"React, Remote"
https://remoteok.io/remote-jobs/70027-remote-erlang-developer-x-team,"",,Remote
https://remoteok.io/remote-jobs/70025-remote-full-stack-javascript-developer-timedoctor-com,Is,,"React, Remote"
https://remoteok.io/remote-jobs/70021-remote-automation-developer-formstack,Web,,Remote
https://remoteok.io/remote-jobs/70016-remote-ios-swift-mobile-developer-with-an-established-startup-service-fusion,"",,Remote
https://remoteok.io/remote-jobs/70010-remote-full-stack-wordpress-developer-firefly-partners,"",,Remote
https://remoteok.io/remote-jobs/70011-remote-sr-full-stack-developer-modus-create,"However, web",,Remote
https://remoteok.io/remote-jobs/70003-remote-backend-web-developer-circuit-stream,"",,Remote
https://remoteok.io/remote-jobs/70005-remote-software-engineer-ii-omnisci,"",,Remote
https://remoteok.io/remote-jobs/70001-remote-senior-frontend-developer,"",,Remote
https://remoteok.io/remote-jobs/69995-remote-symfony-developer-trending-jobs,"",,Remote
https://remoteok.io/remote-jobs/69991-remote-software-qa-engineer-reaction-commerce,"",,Remote
https://remoteok.io/remote-jobs/69988-remote-software-integrations-engineer-reaction-commerce,Web,,"React, Remote"
https://remoteok.io/remote-jobs/69983-remote-unity-game-developer-circuit-stream,"",,Remote
https://remoteok.io/remote-jobs/69985-remote-software-engineer-wikimedia-foundation,"",,Remote
https://remoteok.io/remote-jobs/69977-remote-senior-android-developer-accesso,Learning,,Remote
https://remoteok.io/remote-jobs/69967-remote-full-stack-software-developer-niphtio,"",,Remote
https://remoteok.io/remote-jobs/69959-remote-android-developer-securly,"",,Remote
https://remoteok.io/remote-jobs/69954-remote-senior-java-developer-who-loves-puzzles-oreilly-auto-parts,"",,Remote
https://remoteok.io/remote-jobs/69955-remote-software-architect-design-the-future-oreilly-auto-parts,"",,Remote
https://remoteok.io/remote-jobs/69948-remote-software-engineer-cnc-software,"",,Remote
https://remoteok.io/remote-jobs/69945-remote-full-stack-developer-auth0,Work,,Remote
https://remoteok.io/remote-jobs/69946-remote-developer-support-engineer-auth0,Work,,Remote
https://remoteok.io/remote-jobs/69943-remote-web-developer-bear-group,Firm,,"Ruby, Remote"
https://remoteok.io/remote-jobs/69933-remote-staff-site-reliability-engineer-sre-circleci,Container,,Remote
https://remoteok.io/remote-jobs/69931-remote-senior-software-engineer-golang-sf-bay-area-vancouver-tigera,"",,Remote
https://remoteok.io/remote-jobs/70029-remote-senior-java-jee-entwickler-gh-bankensoftware-ag,"",,Remote
https://remoteok.io/remote-jobs/69924-remote-software-developer-c-infineon,"",,Remote
https://remoteok.io/remote-jobs/69920-remote-senior-software-engineer-tigera,Source,,Remote
https://remoteok.io/remote-jobs/69918-remote-vp-of-software-engineering-200k-year-crossover,"",,Remote
https://remoteok.io/remote-jobs/69916-remote-product-support-manager-100k-year-crossover,"",,Remote
https://remoteok.io/remote-jobs/69914-remote-l2-customer-support-architect-60k-year-crossover,"",,Remote
https://remoteok.io/remote-jobs/69912-remote-l1-customer-support-engineer-30k-year-crossover,"",,Remote
https://remoteok.io/remote-jobs/69905-remote-senior-full-stack-node-developer-michael-page,"",,"React, Remote"
https://remoteok.io/remote-jobs/69897-remote-skilled-web-developer-uk-only-bigchange-apps,Cloud,,Remote
https://remoteok.io/remote-jobs/69888-remote-full-stack-developer-with-react-experience-codelitt,"",,"Ruby, React, Remote"
https://remoteok.io/remote-jobs/69880-remote-software-engineer-ios-wikimedia-foundation,"",,"Ruby, Remote"
https://remoteok.io/remote-jobs/69875-remote-javascript-software-engineer-jack-henry-associates-a,Git,,"React, Remote"
https://remoteok.io/remote-jobs/69860-remote-senior-front-end-developer-threshold,"",,Remote
https://remoteok.io/remote-jobs/69858-remote-senior-software-engineer-keona-health,"",,"React, Remote"
https://remoteok.io/remote-jobs/69856-remote-senior-business-intelligence-software-developer-keona-health,"",,Remote
https://remoteok.io/remote-jobs/69850-remote-lead-full-stack-web-developer-learning-ovations,"",,"Ruby, React, Remote"
https://remoteok.io/remote-jobs/69845-remote-systems-applications-developer-moonshot-cve,Web,,Remote
https://remoteok.io/remote-jobs/69839-remote-senior-java-back-end-developer-wallethub,"Requirement, salary",,Remote
https://remoteok.io/remote-jobs/69841-remote-senior-full-stack-lamp-developer-sourceaudio,Nodejs,,Remote
https://remoteok.io/remote-jobs/69821-remote-front-end-javascript-developer-soshace,"",,"React, Remote"
https://remoteok.io/remote-jobs/69817-remote-senior-software-engineer-bluelabs,"",,Remote
https://remoteok.io/remote-jobs/69815-remote-c-net-software-architect-60k-year-crossover,"",,Remote
https://remoteok.io/remote-jobs/69813-remote-java-software-engineer-30k-year-crossover,"",,Remote
https://remoteok.io/remote-jobs/69811-remote-java-software-architect-60k-year-crossover,"",,Remote
https://remoteok.io/remote-jobs/69799-remote-senior-front-end-developer-remote-hypothesis,Is,,Remote
https://remoteok.io/remote-jobs/69793-remote-front-end-developer-amondo,London,,"React, Remote"
https://remoteok.io/remote-jobs/69788-remote-software-engineer-ios-remote-numbrs-personal-finance-ag,"",,Remote
https://remoteok.io/remote-jobs/69791-remote-fullstack-meteorjs-developerteam-sacralium,"",,Remote
https://remoteok.io/remote-jobs/69786-remote-wordpress-web-developer-unlock-the-game,Company,,Remote
https://remoteok.io/remote-jobs/69784-remote-senior-android-developer-nymcard,"",,Remote
https://remoteok.io/remote-jobs/69780-remote-senior-software-engineer-sonatype,"",,Remote
https://remoteok.io/remote-jobs/69778-remote-senior-ios-developer-browzzin-pte,C,,Remote
https://remoteok.io/remote-jobs/69776-remote-front-end-developer-mongoose,"",,"React, Remote"
https://remoteok.io/remote-jobs/69765-remote-go-developer-engineer-position-cyza,"",,Remote
https://remoteok.io/remote-jobs/69761-remote-open-source-software-engineer-commerceblock-limited,"",,Remote
https://remoteok.io/remote-jobs/69763-remote-cloud-native-java-developer-railroad19,"",,Remote
https://remoteok.io/remote-jobs/69759-remote-lead-front-end-developer-with-a-passion-for-ux-the-interaction-design-foundation,End,,Remote
https://remoteok.io/remote-jobs/69751-remote-application-developer-blockstack,"",,"React, Remote"
https://remoteok.io/remote-jobs/69747-remote-go-software-developer-thycotic,Position,,Remote
https://remoteok.io/remote-jobs/69941-remote-systems-developer-devops-harris,"",,Remote
https://remoteok.io/remote-jobs/69745-remote-senior-java-back-end-developer-wallethub,"Requirement, salary",,Remote
https://remoteok.io/remote-jobs/69743-remote-full-stack-developer-the-community-company,"",,"React, Remote"
https://remoteok.io/remote-jobs/69736-remote-senior-test-automation-software-engineer-givelify,"",,Remote
https://remoteok.io/remote-jobs/69726-remote-talented-java-backend-developer-with-a-strong-sense-of-quality-viabill-a-s,"",,Remote
https://remoteok.io/remote-jobs/69724-remote-software-developer-c-infineon,"",,Remote
https://remoteok.io/remote-jobs/69711-remote-software-engineer-simon-data,Currently,,"Ruby, Remote"
https://remoteok.io/remote-jobs/69704-remote-react-developer-toptal,Code,,"Ruby, React, Remote"
https://remoteok.io/remote-jobs/69702-remote-softwareentwickler-global-it-business-application-developer-landis-gyr,"",,Remote
https://remoteok.io/remote-jobs/69699-remote-software-testing-engineer-sticker-mule,"",,Remote
https://remoteok.io/remote-jobs/69700-remote-senior-full-stack-software-engineer-js-ruby-sticker-mule,"",,"Ruby, Remote"
https://remoteok.io/remote-jobs/69692-remote-software-engineer-businessvpn,"",,Remote
https://remoteok.io/remote-jobs/69691-remote-golang-developer-springboardvr,"",,Remote
https://remoteok.io/remote-jobs/69694-remote-entwickler-ortovox-sportartikel,"",,Remote
https://remoteok.io/remote-jobs/69673-remote-contract-senior-software-engineer-ruby-on-rails-react-ikayzo,"",,"Ruby, React, Remote"
https://remoteok.io/remote-jobs/69674-remote-front-end-developer-wordpress-convertkit,"",,Remote
https://remoteok.io/remote-jobs/69677-remote-front-end-developer-convertkit,Pages,,Remote
https://remoteok.io/remote-jobs/69678-remote-senior-full-stack-developer-contrast-security,Cloud,,Remote
https://remoteok.io/remote-jobs/69685-remote-software-engineer-alphasights,"",,"Ruby, Elixir, Remote"
https://remoteok.io/remote-jobs/69671-remote-game-server-programmer-funkitron,"",,Remote
https://remoteok.io/remote-jobs/69666-remote-senior-php-laravel-developer-the-dream-work-environment-iphone-photography-school,"",,Remote
https://remoteok.io/remote-jobs/69659-remote-backend-developer-searis,"",,Remote
https://remoteok.io/remote-jobs/69662-remote-nosql-datenbank-entwickler-fur-start-up-im-bereich-online-lernen-karriere-tutor,"",,Remote
https://remoteok.io/remote-jobs/69657-remote-mobile-engineer-mindfulness-com,(timezone)</div>,,"Remote, Graphql"
https://remoteok.io/remote-jobs/69652-remote-senior-back-end-java-developer-gitprime,Value,,Remote
https://remoteok.io/remote-jobs/69644-remote-garmin-iq-developer-komoot,"",,Remote
https://remoteok.io/remote-jobs/69640-remote-sr-android-react-native-developer-whitespectre,"",,"React, Remote"
https://remoteok.io/remote-jobs/69636-remote-experienced-c-developer-who-is-ready-take-the-lead-clearpoint-federal-bank-trust,Solutions,,Remote
https://remoteok.io/remote-jobs/69628-remote-junior-mid-level-java-developer-ubiquisoft-technologies,In,,Remote
https://remoteok.io/remote-jobs/69621-remote-lead-react-native-developer-plutus-it,"",,"React, Remote"
https://remoteok.io/remote-jobs/69619-remote-senior-back-end-developer-plutus-it,Development,,Remote
https://remoteok.io/remote-jobs/69616-remote-android-developer-degoo,Tasks,,Remote
https://remoteok.io/remote-jobs/69617-remote-ios-developer-degoo,Tasks,,Remote
https://remoteok.io/remote-jobs/69899-remote-net-lead-developer-dodo-pizza,"",,"React, Remote"
https://remoteok.io/remote-jobs/69609-remote-software-engineer-lxd-canonical,"Class=""markdown"">home",,Remote
https://remoteok.io/remote-jobs/69606-remote-senior-full-stack-developer-veer-west,Web,,Remote
https://remoteok.io/remote-jobs/69602-remote-full-stack-javascript-developer-flexhire,"",,"React, Remote"
https://remoteok.io/remote-jobs/69595-remote-wordpress-entwickler-fur-start-up-im-bereich-online-lernen-karriere-tutor,"",,Remote
https://remoteok.io/remote-jobs/69589-remote-senior-javascript-typescript-node-developer-tsp-consulting,"",,Remote
https://remoteok.io/remote-jobs/69579-remote-javascript-developer-digital-science,Javascript,,"React, Remote"
https://remoteok.io/remote-jobs/69580-remote-senior-java-developer-who-loves-puzzles-oreilly-auto-parts,"",,Remote
https://remoteok.io/remote-jobs/69581-remote-software-engineer-motiion,"",,Remote
https://remoteok.io/remote-jobs/69573-remote-senior-ruby-developer-gatekeeper,"",,"Ruby, Remote"
https://remoteok.io/remote-jobs/69563-remote-senior-android-developer-doist,This,,Remote
https://remoteok.io/remote-jobs/69565-remote-senior-software-engineer-t-mobile-usa,Solutions,,"React, Remote"
https://remoteok.io/remote-jobs/69557-remote-senior-software-engineer-team-lead-staywell,Us,,"React, Remote"
https://remoteok.io/remote-jobs/69552-remote-front-end-developer-on-innovation-team-covermymeds,"",,"Ruby, Remote"
https://remoteok.io/remote-jobs/69555-remote-php-developer-wsm-international,Web,,"Ruby, Remote"
https://remoteok.io/remote-jobs/69548-remote-php-devops-software-engineer-card-com,"",,Remote
https://remoteok.io/remote-jobs/69546-remote-software-developer-politemail-software,"",,Remote
https://remoteok.io/remote-jobs/69543-remote-front-end-developer-angular-patron-empowerment,"",,Remote
https://remoteok.io/remote-jobs/69534-remote-senior-java-developer-wallethub,"Requirement, salary",,Remote
https://remoteok.io/remote-jobs/69532-remote-android-developer-mobiquity,"",,Remote
https://remoteok.io/remote-jobs/69531-remote-contract-freelance-php-developer-rifle-paper-co,"",,Remote
https://remoteok.io/remote-jobs/69528-remote-mobile-developer-react-native-repay-realtime-electronic-payments,"",,"React, Remote"
https://remoteok.io/remote-jobs/69529-remote-full-stack-developer-python-repay-realtime-electronic-payments,"",,Remote
https://remoteok.io/remote-jobs/69525-remote-back-end-software-engineer-utility-warehouse,"",,Remote
https://remoteok.io/remote-jobs/69530-remote-node-js-back-end-developer-xara-group,Web,,Remote
https://remoteok.io/remote-jobs/69567-remote-angular-entwickler-mit-material-design-erfahrung-givve,"",,Remote
https://remoteok.io/remote-jobs/69568-remote-senior-ruby-developer-mit-lust-auf-finanztechnologie-givve,"",,"Ruby, Remote"
https://remoteok.io/remote-jobs/69526-remote-talented-full-stack-web-developer-fexa,Unix,,"Ruby, Remote"
https://remoteok.io/remote-jobs/69521-remote-c-developer-hays,"Remote{linebreak}, months",,Remote
https://remoteok.io/remote-jobs/69482-remote-web-developer-daily-kos,"",,"React, Remote"
https://remoteok.io/remote-jobs/69483-remote-front-end-data-visualization-developer-daily-kos,"",,Remote
https://remoteok.io/remote-jobs/69484-remote-senior-web-developer-daily-kos,"",,"React, Remote"
https://remoteok.io/remote-jobs/69519-remote-software-development-manager-contrast-security,"",,Remote
https://remoteok.io/remote-jobs/69477-remote-backend-software-engineer-ns8,"",,Remote
https://remoteok.io/remote-jobs/69478-remote-ios-software-developer-railroad19,"",,Remote
https://remoteok.io/remote-jobs/69474-remote-user-experience-user-interface-front-end-developer-interactive-designer-phishlabs,Component,,"React, Remote"
https://remoteok.io/remote-jobs/69470-remote-full-stack-developer-shiftling,"",,Remote
https://remoteok.io/remote-jobs/69469-remote-senior-software-engineer-freedom-of-the-press-foundation,"",,Remote
https://remoteok.io/remote-jobs/69463-remote-lead-net-developer-outmatch,Web,,Remote
https://remoteok.io/remote-jobs/69461-remote-backend-developer-agflow-sa,"",,Remote
https://remoteok.io/remote-jobs/69459-remote-developer-advocacy-manager-wikimedia-foundation,"",,Remote
https://remoteok.io/remote-jobs/69456-remote-front-end-developer-remote-full-time-c4media,Developer,,"React, Remote"
https://remoteok.io/remote-jobs/69453-remote-php-web-application-software-developer-full-stack-developer-gotham-club,"",,Remote
https://remoteok.io/remote-jobs/69452-remote-php-web-application-software-developer-full-stack-developer-gotham-media,"",,Remote
https://remoteok.io/remote-jobs/69442-remote-mobile-developer-a-color-story,"",,Remote
https://remoteok.io/remote-jobs/69424-remote-software-automation-qa-engineer-wallethub,"Requirement, salary",,Remote
https://remoteok.io/remote-jobs/69421-remote-senior-mac-os-x-software-engineer-thycotic,Position,,Remote
https://remoteok.io/remote-jobs/69417-remote-back-end-developer-nanocorp-ag,Startup,,Remote
https://remoteok.io/remote-jobs/69414-remote-c-developer-hays-plc,"",,Remote
https://remoteok.io/remote-jobs/69413-remote-full-stack-web-developer-fbs,"",,"Ruby, Remote"
https://remoteok.io/remote-jobs/69407-remote-front-end-developer-nanocorp-ag,Startup,,Remote
https://remoteok.io/remote-jobs/69819-remote-senior-software-engineer-upgrade,Be,,Remote
https://remoteok.io/remote-jobs/69399-remote-senior-web-developer-home,"",,Remote
https://remoteok.io/remote-jobs/69393-remote-blockchain-developer-anywhere,Or,,"React, Remote"
https://remoteok.io/remote-jobs/69378-remote-senior-backend-blockchain-developer-bitfinex,"",,"Ruby, Remote"
https://remoteok.io/remote-jobs/69375-remote-android-developer-komoot,"",,Remote
https://remoteok.io/remote-jobs/69376-remote-senior-net-software-engineer-smiledirectclub,Container,,"Ruby, Remote"
https://remoteok.io/remote-jobs/69374-remote-android-developer-m-f-komoot,"",,Remote
https://remoteok.io/remote-jobs/69373-remote-reactjs-developer-m-f-komoot,"",,"React, Remote"
https://remoteok.io/remote-jobs/69377-remote-reactjs-developer-komoot,"",,"React, Remote"
https://remoteok.io/remote-jobs/69370-remote-lead-web-developer-xometry,Be,,"React, Remote"
https://remoteok.io/remote-jobs/69367-remote-full-stack-web-developer-soci,(walkable,,Remote
https://remoteok.io/remote-jobs/69368-remote-java-developer-x-team,"",,Remote
https://remoteok.io/remote-jobs/69364-remote-integration-developer-ninja-ninjacat,"",,Remote
https://remoteok.io/remote-jobs/69359-remote-ruby-on-rails-developer-dosis,Cloud,,Remote
https://remoteok.io/remote-jobs/69350-remote-senior-software-engineeer-back-end-developer-olo,"",,Remote
https://remoteok.io/remote-jobs/69346-remote-software-engineer0-research-square,"",,"React, Remote"
https://remoteok.io/remote-jobs/69344-remote-lead-developer-net-harris,"",,Remote
https://remoteok.io/remote-jobs/69527-remote-javascript-developer-gamevy,Is,,Remote
https://remoteok.io/remote-jobs/69328-remote-golang-developer-aurity,Kafka,,"React, Remote, Graphql"
https://remoteok.io/remote-jobs/69329-remote-full-stack-web-ui-developer-hays-ireland,Are,,Remote
https://remoteok.io/remote-jobs/69318-remote-senior-software-engineer-rails-hired,Be,,"Ruby, Remote"
https://remoteok.io/remote-jobs/69309-remote-software-engineer-integreon,Cloud,,"Ruby, Remote"
https://remoteok.io/remote-jobs/69304-remote-java-backend-developer-dillon-software,"",,Remote
https://remoteok.io/remote-jobs/69305-remote-javascript-developer-sulvo,"",,Remote
https://remoteok.io/remote-jobs/69302-remote-software-engineer-backend-remote-numbrs-personal-finance-ag,Service,,Remote
https://remoteok.io/remote-jobs/69296-remote-android-software-developer-railroad19,"",,Remote
https://remoteok.io/remote-jobs/69294-remote-software-engineer-grammatech,"",,Remote
https://remoteok.io/remote-jobs/69289-remote-senior-software-engineer-neya-systems,"",,Remote
https://remoteok.io/remote-jobs/69291-remote-fullstack-developer-mobymax,Lamp,,"React, Remote"
https://remoteok.io/remote-jobs/69288-remote-robotics-software-engineer-neya-systems,Is,,Remote
https://remoteok.io/remote-jobs/69284-remote-full-stack-javascript-developer-soshace,"",,"React, Remote"
https://remoteok.io/remote-jobs/69280-remote-applications-developer-fresh-technology,"",,Remote
https://remoteok.io/remote-jobs/69276-remote-senior-backend-developer-digiexam,"",,Remote
https://remoteok.io/remote-jobs/69468-remote-net-core-developer-arxchange,"",,Remote
https://remoteok.io/remote-jobs/69275-remote-ios-developer-covermymeds,"",,"Ruby, Remote"
https://remoteok.io/remote-jobs/69271-remote-ios-developer-savvy-apps,"Class=""markdown"">*us",,Remote
https://remoteok.io/remote-jobs/69250-remote-junior-backend-developer-golang-wonpy,"",,Remote
https://remoteok.io/remote-jobs/69253-remote-test-automation-developer-oreilly-auto-parts,"",,Remote
https://remoteok.io/remote-jobs/69251-remote-senior-java-developer-who-loves-refactoring-oreilly-auto-parts,"",,Remote
https://remoteok.io/remote-jobs/69254-remote-software-engineer-excited-javafx-oreilly-auto-parts,"",,Remote
https://remoteok.io/remote-jobs/69245-remote-senior-software-engineer-python-doximity,"",,Remote
https://remoteok.io/remote-jobs/69244-remote-senior-api-developer-xapo,"",,Remote
https://remoteok.io/remote-jobs/69238-remote-drupal-developer-x-team,"",,Remote
https://remoteok.io/remote-jobs/69234-remote-front-end-developer-bitfinex,Rpc,,"React, Remote"
https://remoteok.io/remote-jobs/69233-remote-front-end-developer-omnitec-solutions,Telecommute/remote,,Remote
https://remoteok.io/remote-jobs/69232-remote-full-stack-web-developer-clearlife-limited,Be,,Remote
https://remoteok.io/remote-jobs/69222-remote-ux-focused-frontend-web-developer-disy-informationssysteme,"",,Remote
https://remoteok.io/remote-jobs/69214-remote-ruby-on-rails-software-engineer-leadfeeder,Startup,,Remote
https://remoteok.io/remote-jobs/69227-remote-full-stack-meteorjs-developer-wanted-ryson-studios,"",,Remote
https://remoteok.io/remote-jobs/69212-remote-senior-software-engineer-golang-sf-bay-area-tigera,"",,Remote
https://remoteok.io/remote-jobs/69464-remote-full-stack-php-javascript-developer-vengroff-williams,"",,Remote
https://remoteok.io/remote-jobs/69211-remote-senior-software-engineer-tigera,Source,,Remote
https://remoteok.io/remote-jobs/69210-remote-senior-level-creative-web-designer-developer-jonroc,"",,"React, Remote"
https://remoteok.io/remote-jobs/69209-remote-ruby-on-rails-developer-toptal,"",,"Ruby, Remote"
https://remoteok.io/remote-jobs/69206-remote-qa-automation-developer-oreilly-auto-parts,Techniques,,Remote
https://remoteok.io/remote-jobs/69201-remote-front-end-developer-peopledoc,"",,Remote
https://remoteok.io/remote-jobs/69188-remote-lead-full-stack-developer-brandboom,"",,Remote
https://remoteok.io/remote-jobs/69187-remote-senior-software-engineer-olo,"",,Remote
https://remoteok.io/remote-jobs/69113-remote-sr-xamarin-wpf-engineer-remote-synergy-sports-technology,Desired,,Remote
https://remoteok.io/remote-jobs/69181-remote-net-web-developer-endzone-io,"",,Remote
https://remoteok.io/remote-jobs/69180-remote-developer-community-advocate-latin-america-elastic,"Is, pay",,Remote
https://remoteok.io/remote-jobs/69176-remote-scala-software-engineer-pyrofex-corporation,"",,Remote
https://remoteok.io/remote-jobs/69177-remote-elasticsearch-php-language-client-developer-elastic,"",,Remote
https://remoteok.io/remote-jobs/69173-remote-software-engineer-the-sensible-code-company,"",,Remote
https://remoteok.io/remote-jobs/69171-remote-android-developer-clevertech,"",,Remote
https://remoteok.io/remote-jobs/69164-remote-software-engineering-manager-suse,Platform,,"Ruby, Remote"
https://remoteok.io/remote-jobs/69160-remote-senior-business-intelligence-software-developer-keona-health,"",,Remote
https://remoteok.io/remote-jobs/69156-remote-software-developer-norwegian-block-exchange-as,"",,Remote
https://remoteok.io/remote-jobs/69155-remote-front-end-developer-covermymeds,"",,Remote
https://remoteok.io/remote-jobs/69153-remote-react-native-developer-appboss,"",,"React, Remote"
https://remoteok.io/remote-jobs/69151-remote-lead-fullstack-developer-blackbird-studios,"",,Remote
https://remoteok.io/remote-jobs/69148-remote-oss-senior-rails-developer-for-solidus-nebulab,"",,"Ruby, Remote"
https://remoteok.io/remote-jobs/69147-remote-assistant-full-stack-developer-international-ngo-safety-organisation,"",,Remote
https://remoteok.io/remote-jobs/69144-remote-rails-software-engineer-audiogon,"",,Remote
https://remoteok.io/remote-jobs/69138-remote-javascript-developer-socialnewsdesk,Cloud,,"React, Remote"
https://remoteok.io/remote-jobs/69125-remote-backend-developer-in-go-in-remote-in-emea-or-on-site-in-paris-for-cycloid-a-devops-platform-cycloid,"",,Remote
https://remoteok.io/remote-jobs/69111-remote-watch-the-video-award-winning-music-software-looking-for-objective-c-swift-mixed-in-key,"",,Remote
https://remoteok.io/remote-jobs/69105-remote-lead-ruby-developer-action-verb,"",,"Ruby, Remote"
https://remoteok.io/remote-jobs/69107-remote-lead-frontend-developer-action-verb,"",,"React, Remote"
https://remoteok.io/remote-jobs/69104-remote-ruby-on-rails-developer-dealer-inspire,Ux{linebreak}{linebreak}{linebreak}{linebreak}{linebreak}compensation{linebreak}{linebreak}compensation,,"Ruby, React, Remote"
https://remoteok.io/remote-jobs/69103-remote-senior-vice-president-of-software-engineering-operations-crossover,"",,Remote
https://remoteok.io/remote-jobs/69090-remote-senior-java-software-developer-wallethub,"Requirement, salary",,Remote
https://remoteok.io/remote-jobs/69088-remote-python-developer-x-team,Api,,Remote
https://remoteok.io/remote-jobs/69089-remote-wordpress-developer-x-team,"",,Remote
https://remoteok.io/remote-jobs/69087-remote-mssql-database-developer-web-analytics-guru-scholarly-iq,"",,Remote
https://remoteok.io/remote-jobs/69082-remote-seeking-senior-full-stack-php-developer-smar7-apps-llc,"",,Remote
https://remoteok.io/remote-jobs/69076-remote-python-back-end-web-developer-soshace,"",,Remote
https://remoteok.io/remote-jobs/69066-remote-senior-frontend-magento-developer-swenson-he,Modules,,Remote
https://remoteok.io/remote-jobs/69060-remote-software-engineer-skylight,Community,,Remote
https://remoteok.io/remote-jobs/69056-remote-software-engineer-infrastructure-wistia,Jenkins,,"Elixir, Remote"
https://remoteok.io/remote-jobs/69057-remote-mac-developer-big-nerd-ranch,Learning,,Remote
https://remoteok.io/remote-jobs/69053-remote-senior-android-developer-sonect-ag,"",,Remote
https://remoteok.io/remote-jobs/69054-remote-senior-ios-developer-sonect-ag,"",,Remote
https://remoteok.io/remote-jobs/69052-remote-experienced-wordpress-visual-composer-web-developer-needed-curotec,"",,Remote
https://remoteok.io/remote-jobs/69051-remote-senior-ios-developer-xapo,"",,Remote
https://remoteok.io/remote-jobs/69050-remote-full-stack-developer-pi-top,Web,,"React, Remote"
https://remoteok.io/remote-jobs/69046-remote-software-developer-tor-project,"",,Remote
https://remoteok.io/remote-jobs/69047-remote-senior-python-developer-smiledirectclub,"",,Remote
https://remoteok.io/remote-jobs/69043-remote-software-engineer-property-meld,"",,Remote
https://remoteok.io/remote-jobs/69040-remote-full-stack-rails-developer-tuft-needle,"",,"Ruby, Remote"
https://remoteok.io/remote-jobs/69039-remote-go-developer-spideroak,"",,Remote
https://remoteok.io/remote-jobs/69037-remote-senior-full-stack-php-drupal-developer-semanticbits,Scrum,,Remote
https://remoteok.io/remote-jobs/69034-remote-full-stack-developer-upstack-technologies-inc-,Officially,,"Ruby, Remote"
https://remoteok.io/remote-jobs/69112-remote-senior-java-software-developer-iland-secure-cloud,"",,Remote
https://remoteok.io/remote-jobs/69030-remote-open-source-developer-devops-opencraft,"",,"React, Remote"
https://remoteok.io/remote-jobs/69031-remote-c-qt-developer-timedoctor-com,"",,Remote
https://remoteok.io/remote-jobs/69029-remote-c-qt-developer-document-modelling,"",,Remote
https://remoteok.io/remote-jobs/69028-remote-software-engineer-achievement-network,Cloud,,Remote
https://remoteok.io/remote-jobs/69026-remote-senior-software-engineer-achievement-network,"",,Remote
https://remoteok.io/remote-jobs/69150-remote-senior-software-developer-tenna,Nosql,,"Ruby, React, Remote"
https://remoteok.io/remote-jobs/69023-remote-front-end-developer-tuft-needle,"",,"Ruby, React, Remote"
https://remoteok.io/remote-jobs/69019-remote-full-stack-developer-codelitt-inc,"",,"Ruby, Remote"
https://remoteok.io/remote-jobs/69018-remote-wordpress-php-developer-accella,OrÂ react,,"Ruby, Remote"
https://remoteok.io/remote-jobs/69009-remote-senior-network-software-engineer-suse,Product,,Remote
https://remoteok.io/remote-jobs/69007-remote-senior-c-mean-stack-blockchain-developer-komodo-platform,"",,Remote
https://remoteok.io/remote-jobs/69058-remote-software-engineer-harris,"",,Remote
https://remoteok.io/remote-jobs/69032-remote-full-stack-developer-swedens-largest-home-swapping-site-lagenhetsbyte,"",,Remote
https://remoteok.io/remote-jobs/69005-remote-senior-software-engineer-keona-health,"",,"React, Remote"
https://remoteok.io/remote-jobs/69002-remote-senior-software-engineer-blue-labs,"",,Remote
https://remoteok.io/remote-jobs/68991-remote-net-web-front-end-software-developer-grimm-reaper-information-technology,"",,"React, Remote"
https://remoteok.io/remote-jobs/68990-remote-full-stack-web-developer-podtrac,Web,,Remote
https://remoteok.io/remote-jobs/68982-remote-senior-software-engineer-security-video-integration-geocomm,"",,Remote
https://remoteok.io/remote-jobs/68979-remote-principle-android-developer-mobiquity,"",,Remote
https://remoteok.io/remote-jobs/68980-remote-senior-software-engineer-draftkings,"",,Remote
https://remoteok.io/remote-jobs/68976-remote-c-python-developer-code-careers,"",,Remote
https://remoteok.io/remote-jobs/68977-remote-frontend-developer-amazee,"",,"React, Remote, Graphql"
https://remoteok.io/remote-jobs/68974-remote-senior-software-engineer-c-net-made-in-office,"",,Remote
https://remoteok.io/remote-jobs/68973-remote-lead-developer-quanthub,"",,Remote
https://remoteok.io/remote-jobs/68969-remote-magento-developer-the-teaching-company,"",,Remote
https://remoteok.io/remote-jobs/68967-remote-sql-etl-software-developer-ascend-hit,Dashboards,,Remote
https://remoteok.io/remote-jobs/68965-remote-senior-web-developer-authority-partners,"",,Remote
https://remoteok.io/remote-jobs/68962-remote-backend-developer-amazee,"",,"React, Remote, Graphql"
https://remoteok.io/remote-jobs/68960-remote-senior-full-stack-developer-flexhire,And,,"React, Remote"
https://remoteok.io/remote-jobs/68959-remote-full-stack-developer-wordpress-sanborn,Standards,,"React, Remote"
https://remoteok.io/remote-jobs/68956-remote-software-developer-altmetric,Currently,,"Ruby, Remote"
https://remoteok.io/remote-jobs/68952-remote-software-engineer-here-north-america,"",,Remote
https://remoteok.io/remote-jobs/68945-remote-front-end-software-engineer-thycotic,Position,,Remote
https://remoteok.io/remote-jobs/68940-remote-inspired-ruby-developer-simplero,Be,,Remote
https://remoteok.io/remote-jobs/68936-remote-developer-support-engineer-us-pacific-hawaii-or-alaska-time-zone-algolia,"",,Remote
https://remoteok.io/remote-jobs/68935-remote-full-stack-go-developer-veganbase,"",,Remote
https://remoteok.io/remote-jobs/68957-remote-full-stack-developer-cigent-technology,Startup,,"React, Remote"
https://remoteok.io/remote-jobs/68934-remote-software-engineer-permission-data,"",,Remote
https://remoteok.io/remote-jobs/68933-remote-front-end-developer-radix-dlt,Elements,,"React, Remote"
https://remoteok.io/remote-jobs/69075-remote-full-stack-web-developer-rateit,"",,"Ruby, React, Remote"
https://remoteok.io/remote-jobs/68919-remote-full-stack-node-js-developer-ltvplus,Features,,Remote
https://remoteok.io/remote-jobs/68918-remote-senior-go-developer-outlyer,"",,Remote
https://remoteok.io/remote-jobs/68915-remote-full-stack-net-developer-trackabout,Web,,Remote
https://remoteok.io/remote-jobs/68913-remote-ruby-developer-hays,Oakville,,"Ruby, Remote"
https://remoteok.io/remote-jobs/68912-remote-java-developer-stealth-startup,Startup,,Remote
https://remoteok.io/remote-jobs/68909-remote-full-stack-developer-integration-x-a-s,Be,,"React, Remote"
https://remoteok.io/remote-jobs/68904-remote-software-engineer-go-abstract,"",,Remote
https://remoteok.io/remote-jobs/68902-remote-software-engineering-team-lead-desktop-abstract,Us,,Remote
https://remoteok.io/remote-jobs/68897-remote-full-stack-application-developer-content-guidance-auth0,Work,,"React, Remote"
https://remoteok.io/remote-jobs/68896-remote-senior-ruby-elixir-developer-volders-gmbh,"",,"Ruby, Elixir, Remote"
https://remoteok.io/remote-jobs/69003-remote-software-engineer-opia,"",,Remote
https://remoteok.io/remote-jobs/68892-remote-frontend-and-python-developer-screenly,"",,"React, Remote"
https://remoteok.io/remote-jobs/68890-remote-senior-back-end-web-developer-meetengage,Text,,Remote
https://remoteok.io/remote-jobs/68891-remote-app-entwickler-spielwerk,"",,Remote
https://remoteok.io/remote-jobs/68887-remote-ruby-js-developer-purepoint,"",,"Ruby, Remote"
https://remoteok.io/remote-jobs/68884-remote-ios-developer-dealer-inspire,Plus{linebreak}{linebreak}{linebreak}{linebreak}{linebreak}compensation{linebreak}{linebreak}compensation,,Remote
https://remoteok.io/remote-jobs/68885-remote-android-developer-dealer-inspire,Plus{linebreak}{linebreak}{linebreak}{linebreak}{linebreak}compensation{linebreak}{linebreak}compensation,,Remote
https://remoteok.io/remote-jobs/68869-remote-mac-developer-toggl,"",,Remote
https://remoteok.io/remote-jobs/68858-remote-full-stack-developer-react-net-unique-management-services,"",,Remote
https://remoteok.io/remote-jobs/68860-remote-senior-ims-developer-dealer-inspire,Us,,"React, Remote"
https://remoteok.io/remote-jobs/68938-remote-ultra-coder-for-new-robotics-fashion-project-kram-weisshaar,"",,Remote
https://remoteok.io/remote-jobs/68848-remote-senior-javascript-developer-rtk-io,"",,Remote
https://remoteok.io/remote-jobs/68849-remote-senior-backend-developer-24sessions,"",,Remote
https://remoteok.io/remote-jobs/68844-remote-senior-php-developer-wallethub,"Requirement, salary",,Remote
https://remoteok.io/remote-jobs/68845-remote-sr-java-software-developer-wallethub,"Requirement, salary",,Remote
https://remoteok.io/remote-jobs/68842-remote-senior-full-stack-ruby-on-rails-developer-onemob,"",,"Ruby, Remote"
https://remoteok.io/remote-jobs/68836-remote-senior-backend-data-platform-engineer-synergy-sports-technology,Desired,,Remote
https://remoteok.io/remote-jobs/68835-remote-senior-frontend-developer-xapo,"",,Remote
https://remoteok.io/remote-jobs/68834-remote-senior-systems-software-engineer-heptio,"",,Remote
https://remoteok.io/remote-jobs/68828-remote-junior-software-developer-harris,"Preference, web",,Remote
https://remoteok.io/remote-jobs/68827-remote-sr-java-developer-wallethub,"Requirement, salary",,Remote
https://remoteok.io/remote-jobs/68820-remote-php-backend-developer-elucidat,We,,Remote
https://remoteok.io/remote-jobs/68817-remote-software-development-engineer-mapilary,"",,Remote
https://remoteok.io/remote-jobs/68815-remote-ui-developer-aparavi-software-corp,Web,,"React, Remote"
https://remoteok.io/remote-jobs/68813-remote-senior-software-engineer-golang-tigera,"",,Remote
https://remoteok.io/remote-jobs/68812-remote-senior-front-end-php-developer-wallethub,"Requirement, salary",,Remote
https://remoteok.io/remote-jobs/68811-remote-java-developer-wallethub,"Requirement, salary",,Remote
https://remoteok.io/remote-jobs/68810-remote-senior-backend-developer-unpaywall-made-with-love,"",,Remote
https://remoteok.io/remote-jobs/68807-remote-mid-senior-full-stack-developer-engineer-roi,"",,Remote
https://remoteok.io/remote-jobs/68806-remote-senior-software-engineer-adblock-serving-65-million-users-adblock,"",,Remote
https://remoteok.io/remote-jobs/68802-remote-python-cloud-developer-platform-sh,"",,"Ruby, Elixir, Remote"
https://remoteok.io/remote-jobs/68801-remote-react-frontend-developer-logisticsexchange,"",,Remote
https://remoteok.io/remote-jobs/68797-remote-senior-python-developer-versafeed,"",,Remote
https://remoteok.io/remote-jobs/68792-remote-senior-full-stack-software-engineer-amitree-inc,"",,"Ruby, Remote"
https://remoteok.io/remote-jobs/68790-remote-frontend-developer-toggl,Annually**,,"React, Remote"
https://remoteok.io/remote-jobs/68786-remote-front-end-software-engineer-new-context-services,Saas,,"Ruby, Remote"
https://remoteok.io/remote-jobs/68788-remote-senior-java-backend-developer-logisticsexchange,Microservices,,Remote
https://remoteok.io/remote-jobs/68779-remote-scala-play-api-developer-blue-orange-digital-llc,"",,Remote
https://remoteok.io/remote-jobs/68808-remote-full-stack-developer-for-human-potential-network-needed-crealiity-network-development,"",,Remote
https://remoteok.io/remote-jobs/68773-remote-manufacturing-automation-software-engineer-smiledirectclub,"And, team",,"Ruby, Remote"
https://remoteok.io/remote-jobs/68772-remote-java-developer-mobiquity,"",,Remote
https://remoteok.io/remote-jobs/68768-remote-vegan-senior-full-stack-developer-veganbase,"",,Remote
https://remoteok.io/remote-jobs/68770-remote-sr-software-engineer-front-end-t-mobile-usa,Solutions,,"React, Remote"
https://remoteok.io/remote-jobs/68767-remote-sales-lead-for-a-developer-tool-dashbird,"",,Remote
https://remoteok.io/remote-jobs/68766-remote-web-entwickler-vue-js-andagon,"",,Remote
https://remoteok.io/remote-jobs/68764-remote-full-stack-software-engineer-smartbnb,Is,,Remote
https://remoteok.io/remote-jobs/68759-remote-senior-php-developer-work-from-home-codeline,"",,Remote
https://remoteok.io/remote-jobs/68758-remote-senior-go-developer-fuse-finders,Is,,Remote
https://remoteok.io/remote-jobs/68754-remote-full-stack-software-engineer-trakstar-reviewsnap-recruiterbox,"",,"Ruby, React, Remote"
https://remoteok.io/remote-jobs/68752-remote-android-developer-big-nerd-ranch,Learning,,Remote
https://remoteok.io/remote-jobs/68749-remote-senior-software-engineer-property-meld,"",,Remote
https://remoteok.io/remote-jobs/68740-remote-front-end-developer-wallethub,"Requirement, css3",,Remote
https://remoteok.io/remote-jobs/68738-remote-ios-software-engineer-trinity-mobile-networks,"",,Remote
https://remoteok.io/remote-jobs/68736-remote-senior-software-engineer-proemion,Trunk,,Remote
https://remoteok.io/remote-jobs/68734-remote-senior-cloud-software-engineer-rabbitmq-suse,Product,,"Ruby, Remote"
https://remoteok.io/remote-jobs/68727-remote-search-wrangler-automattic,Disabilities,,Remote
https://remoteok.io/remote-jobs/68728-remote-systems-wrangler-automattic,Disabilities,,Remote
https://remoteok.io/remote-jobs/68730-remote-code-wrangler-automattic,Disabilities,,Remote
https://remoteok.io/remote-jobs/68723-remote-net-c-javascript-web-developer-end-point-corporation,Company,,"React, Remote"
https://remoteok.io/remote-jobs/68719-remote-web-designer-developer-formstack,"",,Remote
https://remoteok.io/remote-jobs/68718-remote-php-developer-acuity-scheduling,"",,"React, Remote, Graphql"
https://remoteok.io/remote-jobs/68716-remote-senior-solidity-developer-polymath,"",,Remote
https://remoteok.io/remote-jobs/68717-remote-senior-software-engineer-respondent,"",,Remote
https://remoteok.io/remote-jobs/68714-remote-frontend-developer-hausgold-talocasa,"",,Remote
https://remoteok.io/remote-jobs/68710-remote-php-developer-laravel-graphql-acuity-scheduling-inc-,"",,"React, Remote, Graphql"
https://remoteok.io/remote-jobs/68708-remote-developer-wikimedia-foundation,Vagrant,,Remote
https://remoteok.io/remote-jobs/68705-remote-java-software-architect-crossover,"",,Remote
https://remoteok.io/remote-jobs/68704-remote-java-software-engineering-manager-crossover,"",,Remote
https://remoteok.io/remote-jobs/68695-remote-frontend-software-engineer-ember-js-leadfeeder,Startup,,Remote
https://remoteok.io/remote-jobs/68692-remote-fullstack-javascript-developer-social-news-desk,Cloud,,"React, Remote"
https://remoteok.io/remote-jobs/68684-remote-senior-java-web-developer-jbs-custom-software-solutions,"",,Remote
https://remoteok.io/remote-jobs/68685-remote-ios-developer-sanborn,Shop,,Remote
https://remoteok.io/remote-jobs/68681-remote-software-engineer-oreilly-auto-parts,"",,Remote
https://remoteok.io/remote-jobs/68682-remote-javafx-developer-oreilly-auto-parts,"",,Remote
https://remoteok.io/remote-jobs/68683-remote-senior-java-web-developer-oreilly-auto-parts,"",,Remote
https://remoteok.io/remote-jobs/68679-remote-python-developer-cogrammar,"",,Remote
https://remoteok.io/remote-jobs/68846-remote-software-engineering-lead-redox,Remote,,Remote
https://remoteok.io/remote-jobs/68677-remote-software-engineer-backend-kraken-bitcoin-exchange,"",,Remote
https://remoteok.io/remote-jobs/68673-remote-software-engineer-autosoft,"",,Remote
https://remoteok.io/remote-jobs/68670-remote-software-engineer-fraud-prevention-olo,"",,Remote
https://remoteok.io/remote-jobs/68669-remote-ruby-on-rails-developer-belighted,"",,"Ruby, Remote"
https://remoteok.io/remote-jobs/68666-remote-jr-developer-role-better,"",,Remote
https://remoteok.io/remote-jobs/68944-remote-senior-c-developer-for-cancer-care-workflow-automation-radformation,"",,Remote
https://remoteok.io/remote-jobs/68664-remote-automation-qa-software-engineer-wallethub,"Requirement, salary",,Remote
https://remoteok.io/remote-jobs/68665-remote-senior-java-software-engineer-wallethub,"Requirement, salary",,Remote
https://remoteok.io/remote-jobs/68654-remote-software-qa-manager-interfolio,Be,,Remote
https://remoteok.io/remote-jobs/68653-remote-ios-developer-superformula,"",,Remote
https://remoteok.io/remote-jobs/68636-remote-senior-developer-with-functional-programming-expertise-knowledge-e,With,,Remote
https://remoteok.io/remote-jobs/68629-remote-fullstack-reactjs-nodejs-developer-code-careers,"",,Remote
https://remoteok.io/remote-jobs/68818-remote-expert-angularjs-front-end-developer-proemion,Can,,Remote
https://remoteok.io/remote-jobs/68620-remote-senior-frontend-engineer-employee-1-abstract,"",,"React, Remote"
https://remoteok.io/remote-jobs/68619-remote-contract-contract-software-developer-panda-game-manufacturing,"",,Remote
https://remoteok.io/remote-jobs/68618-remote-front-end-responsive-developer-graphic-language,"",,"Ruby, Remote"
https://remoteok.io/remote-jobs/68616-remote-software-automation-q-a-engineer-wallethub,"Requirement, salary",,Remote
https://remoteok.io/remote-jobs/68614-remote-full-stack-developer-resolute-innovation,"",,Remote
https://remoteok.io/remote-jobs/68613-remote-senior-software-developer-distributed-storage-suse,"",,"Ruby, Remote"
https://remoteok.io/remote-jobs/68606-remote-senior-node-js-developer-open,"",,Remote
https://remoteok.io/remote-jobs/68604-remote-react-native-developer-x-team,"",,"React, Remote"
https://remoteok.io/remote-jobs/68602-remote-software-engineer-web-remote-numbrs-personal-finance-ag,Applications,,"React, Remote"
https://remoteok.io/remote-jobs/68601-remote-javascript-ui-developer-roostermoney,"",,Remote
https://remoteok.io/remote-jobs/68597-remote-software-engineer-fundraising-tech-wikimedia-foundation,Php,,Remote
https://remoteok.io/remote-jobs/68596-remote-front-end-drupal-7-8-developer-interpersonal-frequency,"",,Remote
https://remoteok.io/remote-jobs/68598-remote-php-entwickler-inpsyde,"",,Remote
https://remoteok.io/remote-jobs/68592-remote-frontend-developer-london-or-remote-within-europe-hazy,Be,,Remote
https://remoteok.io/remote-jobs/68584-remote-lead-developer-hubtran,"",,Remote
https://remoteok.io/remote-jobs/68577-remote-senior-software-engineer-voice123-voice123,"",,Remote
https://remoteok.io/remote-jobs/68572-remote-software-engineer-hot-open-source-database-company-timescale,"",,Remote
https://remoteok.io/remote-jobs/68569-remote-contract-web-archiving-developer-new-york-university-libraries,"",,Remote
https://remoteok.io/remote-jobs/68568-remote-software-engineer-cartwatch,Learning,,Remote
https://remoteok.io/remote-jobs/68566-remote-sharepoint-developer-x-team,"",,Remote
https://remoteok.io/remote-jobs/68558-remote-experienced-magento-developer-needed-curotec,Is,,Remote
https://remoteok.io/remote-jobs/68555-remote-telecommuting-position-for-meteor-developer-onepacs,"",,Remote
https://remoteok.io/remote-jobs/68556-remote-meteor-front-end-developer-microwork,"",,Remote
https://remoteok.io/remote-jobs/68553-remote-full-stack-software-engineer-kochava,"",,Remote
https://remoteok.io/remote-jobs/68542-remote-java-software-engineer-wallethub,"Requirement, salary",,Remote
https://remoteok.io/remote-jobs/68544-remote-software-engineer-image-acquisition-mapillary,"",,Remote
https://remoteok.io/remote-jobs/68533-remote-full-stack-go-golang-developer-buildwp,"",,Remote
https://remoteok.io/remote-jobs/68748-remote-javascript-frontend-developer-dopamine,Bonuses,,"React, Remote"
https://remoteok.io/remote-jobs/68532-remote-software-developer-golang-scout-exchange,"",,Remote
https://remoteok.io/remote-jobs/68531-remote-software-engineer-ascend-hit,Salary,,Remote
https://remoteok.io/remote-jobs/68530-remote-django-python-senior-software-engineer-load-impact,Is,,Remote
https://remoteok.io/remote-jobs/68529-remote-senior-software-engineer-plutus-it,"",,Remote
https://remoteok.io/remote-jobs/68526-remote-senior-ios-developer-mobiquity,"",,Remote
https://remoteok.io/remote-jobs/68528-remote-java-software-developer-wallethub,"Requirement, salary",,Remote
https://remoteok.io/remote-jobs/68524-remote-senior-database-bi-developer-jbs-custom-software-solutions,"",,Remote
https://remoteok.io/remote-jobs/68599-remote-software-engineer-web-numbrs,Applications,,"React, Remote"
https://remoteok.io/remote-jobs/68522-remote-php-programmer-developer-intelisys,Web,,Remote
https://remoteok.io/remote-jobs/68516-remote-senior-mobile-developer-mobiquity,"",,"React, Remote"
https://remoteok.io/remote-jobs/68513-remote-frontend-developer-x-team,"",,"React, Remote"
https://remoteok.io/remote-jobs/68510-remote-android-developer-xapo,"",,Remote
https://remoteok.io/remote-jobs/68506-remote-software-maintenance-engineer-sharestream,(sme),,Remote
https://remoteok.io/remote-jobs/68503-remote-senior-software-engineer-elastic,Pay,,Remote
https://remoteok.io/remote-jobs/68501-remote-mid-level-full-stack-developer-for-successful-blockchain-company-trade-io,Us,,"Ruby, Remote"
https://remoteok.io/remote-jobs/68502-remote-senior-full-stack-developer-for-blockchain-company-involves-ruby-js-ts-trade-io,Us,,"Ruby, Remote"
https://remoteok.io/remote-jobs/68500-remote-contract-lead-senior-ruby-on-rails-developer-bit-zesty,"",,"Ruby, Remote"
https://remoteok.io/remote-jobs/68498-remote-mobile-developer-smiledirectclub,"",,Remote
https://remoteok.io/remote-jobs/68497-remote-senior-front-end-web-developer-mobiquity,"",,"React, Remote"
https://remoteok.io/remote-jobs/68495-remote-join-us-our-sustainable-energy-revolution-medior-senior-frontend-developer-the-sustainables,"",,Remote
https://remoteok.io/remote-jobs/68494-remote-remote-fullstack-developer-catapult,Native,,"Elixir, React, Remote, Graphql"
https://remoteok.io/remote-jobs/68491-remote-backend-developer-toggl,"",,Remote
https://remoteok.io/remote-jobs/68492-remote-fullstack-developer-catapult,Native,,"Elixir, React, Remote, Graphql"
https://remoteok.io/remote-jobs/68493-remote-meteor-web-app-developer-for-a-startup-usa-flexwork-io,"",,Remote
https://remoteok.io/remote-jobs/68490-remote-backend-developer-moodle,Mostly,,Remote
https://remoteok.io/remote-jobs/68488-remote-senior-embedded-linux-developer-with-c-python-100-flexible-hours-analytics-fire,"",,Remote
https://remoteok.io/remote-jobs/68467-remote-senior-javascript-software-engineer-medmain-inc-,"",,Remote
https://remoteok.io/remote-jobs/68464-remote-senior-c-blockchain-developer-komodo-platform,"",,Remote
https://remoteok.io/remote-jobs/68461-remote-senior-software-engineer-ravenops,"",,Remote
https://remoteok.io/remote-jobs/68514-remote-front-end-developer-polymath,"",,"React, Remote"
https://remoteok.io/remote-jobs/68515-remote-senior-solidity-full-stack-developer-polymath,"",,Remote
https://remoteok.io/remote-jobs/68458-remote-backend-developer-postgres-elasticsearch-utrum,"",,Remote
https://remoteok.io/remote-jobs/68457-remote-backend-developer-hashnode,"",,Remote
https://remoteok.io/remote-jobs/68456-remote-software-engineer-ruby-javascript-doximity,"",,"Ruby, Remote"
https://remoteok.io/remote-jobs/68454-remote-software-engineer-data-doximity,"",,Remote
https://remoteok.io/remote-jobs/68450-remote-senior-php-developer-membermouse,"",,Remote
https://remoteok.io/remote-jobs/68447-remote-full-stack-ruby-on-rails-developer-helpjuice,"",,"Ruby, Remote"
https://remoteok.io/remote-jobs/68445-remote-java-scala-aws-developer-hays,Cloud,,Remote
https://remoteok.io/remote-jobs/68442-remote-frontend-developer-circus-technologies-inc-,"",,Remote
https://remoteok.io/remote-jobs/68441-remote-javascript-developer-purepoint,Is,,"React, Remote"
https://remoteok.io/remote-jobs/68440-remote-senior-software-engineer-nodejs-superformula,"",,Remote
https://remoteok.io/remote-jobs/68421-remote-javascript-react-typescript-frontend-developer-vector-media-group,People,,"React, Remote"
https://remoteok.io/remote-jobs/68416-remote-senior-level-java-software-engineer-42-lines,Salary,,Remote
https://remoteok.io/remote-jobs/68417-remote-junior-net-web-frontend-software-developer-grimm-reaper-information-technology,"",,"React, Remote"
https://remoteok.io/remote-jobs/68686-remote-ruby-developer-rean-cloud,"",,"Ruby, Remote"
https://remoteok.io/remote-jobs/68406-remote-fullstack-developer-trebing-himstedt-prozesautomation-co-kg,"",,Remote
https://remoteok.io/remote-jobs/68405-remote-ruby-developer-purepoint,"",,"Ruby, Remote"
https://remoteok.io/remote-jobs/68394-remote-senior-software-engineer-aparavi-software-corp,Model,,Remote
https://remoteok.io/remote-jobs/68392-remote-node-js-developer-chaser,For,,Remote
https://remoteok.io/remote-jobs/68390-remote-inspired-lead-developer-simplero,"",,Remote
https://remoteok.io/remote-jobs/68388-remote-interactive-sports-administration-tool-meteor-js-full-stack-developer-needed-funwithballs,"",,Remote
https://remoteok.io/remote-jobs/68371-remote-software-engineer-content-developer-indeed,"",,Remote
https://remoteok.io/remote-jobs/68365-remote-oracle-consultant-with-docker-expertise-bitflip-software,"",,Remote
https://remoteok.io/remote-jobs/68353-remote-full-stack-javascript-blockchain-developer-komodo-platform,"",,"React, Remote"
https://remoteok.io/remote-jobs/68348-remote-senior-ios-developer-ivpn,C,,Remote
https://remoteok.io/remote-jobs/68345-remote-senior-backend-web-developer-ivpn,"",,Remote
https://remoteok.io/remote-jobs/68389-remote-backend-developer-chaser,"",,Remote
https://remoteok.io/remote-jobs/68343-remote-mid-level-full-stack-net-developer-hyrell,System,,Remote
https://remoteok.io/remote-jobs/68342-remote-senior-mobile-developer-aware3,"",,Remote
https://remoteok.io/remote-jobs/68340-remote-devops-engineer-vita-mojo-international,"",,"Ruby, Remote"
https://remoteok.io/remote-jobs/68334-remote-software-engineer-thycotic,Position,,Remote
https://remoteok.io/remote-jobs/68330-remote-software-engineer-adblock-adblock-serving-65-million-people-,"",,Remote
https://remoteok.io/remote-jobs/68329-remote-software-developer-c-cigent-technology,Startup,,Remote
https://remoteok.io/remote-jobs/68318-remote-python-developer-xapo,"",,Remote
https://remoteok.io/remote-jobs/68316-remote-mobile-developer-kraken-bitcoin-exchange,"",,"React, Remote"
https://remoteok.io/remote-jobs/68315-remote-experienced-laravel-vuejs-developer-needed-curotec,Is,,Remote
https://remoteok.io/remote-jobs/68314-remote-web-services-developer-hays,Cloud,,"React, Remote"
https://remoteok.io/remote-jobs/68313-remote-fullstack-developer-smtp2go,"",,Remote
https://remoteok.io/remote-jobs/68308-remote-senior-developer-tntp,Is,,Remote
https://remoteok.io/remote-jobs/68296-remote-full-stack-software-engineer-merchbar,"",,"Ruby, Remote"
https://remoteok.io/remote-jobs/68300-remote-senior-php-developer-with-option-of-sponsorship-time-doctor,Are,,Remote
https://remoteok.io/remote-jobs/68295-remote-senior-endpoint-software-engineer-carbon-black,"",,Remote
https://remoteok.io/remote-jobs/68291-remote-python-developer-arm,"",,Remote
https://remoteok.io/remote-jobs/68283-remote-senior-software-engineer-sticker-mule,"",,Remote
https://remoteok.io/remote-jobs/68270-remote-front-end-web-developer-liquidity-cube,"",,Remote
https://remoteok.io/remote-jobs/68268-remote-2d-3d-graphics-software-developer-maplarge,"Time, browser",,Remote
https://remoteok.io/remote-jobs/68264-remote-frontend-software-engineer-remote-smartbnb,Is,,Remote
https://remoteok.io/remote-jobs/68263-remote-senior-software-engineer-plug-in-useful,Isn't,,"React, Remote"
https://remoteok.io/remote-jobs/68262-remote-senior-functional-programmer-excited-data-streams-reaction-commerce,"Americas, web",,Remote
https://remoteok.io/remote-jobs/68260-remote-senior-software-engineer-1bios,"",,Remote
https://remoteok.io/remote-jobs/68258-remote-senior-application-developer-center-for-internet-security,Team,,"Ruby, Remote"
https://remoteok.io/remote-jobs/68253-remote-middle-go-developer-affise-technologies,"",,Remote
https://remoteok.io/remote-jobs/68252-remote-senior-android-developer-bite-interactive,"",,Remote
https://remoteok.io/remote-jobs/68444-remote-javascript-developer-hiringthing,Cloud,,"Ruby, React, Remote"
https://remoteok.io/remote-jobs/68249-remote-sr-ruby-on-rails-developer-railroad19,"",,"Ruby, Remote"
https://remoteok.io/remote-jobs/68248-remote-software-architect-oreilly-auto-parts,"",,Remote
https://remoteok.io/remote-jobs/68245-remote-software-development-engineer-test-third-iron,"",,Remote
https://remoteok.io/remote-jobs/68246-remote-senior-software-developer-manageamerica-integrated-billing-services,"",,Remote
https://remoteok.io/remote-jobs/68243-remote-senior-python-developer-jbs-custom-software-solutions,Event,,"React, Remote"
https://remoteok.io/remote-jobs/68242-remote-blockchain-software-test-engineer-komodo-platform,"",,"React, Remote"
https://remoteok.io/remote-jobs/68239-remote-software-engineer-pivot-bio,"",,Remote
https://remoteok.io/remote-jobs/68232-remote-python-backend-developer-trivago-n-v,Hours,,Remote
https://remoteok.io/remote-jobs/68229-remote-software-engineer-hellosign,"",,"Elixir, React, Remote"
https://remoteok.io/remote-jobs/68228-remote-frontend-developer-designer-adzuna,Annum,,"React, Remote"
https://remoteok.io/remote-jobs/68227-remote-full-stack-developer-kraken-bitcoin-exchange,Rpc,,"React, Remote"
https://remoteok.io/remote-jobs/68326-remote-software-engineer-kochava,"",,Remote
https://remoteok.io/remote-jobs/68225-remote-full-stack-developer-slixa,And,,"React, Remote"
https://remoteok.io/remote-jobs/68221-remote-rails-developer-area,Aws,,"Ruby, React, Remote"
https://remoteok.io/remote-jobs/68216-remote-qa-software-engineering-manager-crossover,"",,Remote
https://remoteok.io/remote-jobs/68215-remote-c-chief-software-architect-crossover,"",,Remote
https://remoteok.io/remote-jobs/68217-remote-c-software-engineering-manager-crossover,"",,Remote
https://remoteok.io/remote-jobs/68220-remote-python-software-engineering-manager-crossover,"",,Remote
https://remoteok.io/remote-jobs/68214-remote-node-js-developer-x-team,"",,"React, Remote"
https://remoteok.io/remote-jobs/68212-remote-react-developer-x-team,"",,"React, Remote"
https://remoteok.io/remote-jobs/68209-remote-german-startup-searches-js-fullstack-dev-filestage,"",,Remote
https://remoteok.io/remote-jobs/68208-remote-front-end-developer-roostermoney,"",,Remote
https://remoteok.io/remote-jobs/68206-remote-backend-software-engineer-actelligent,"",,Remote
https://remoteok.io/remote-jobs/68204-remote-senior-python-developer-clevertech,"",,"React, Remote"
https://remoteok.io/remote-jobs/68200-remote-front-end-developer-entando,"",,Remote
https://remoteok.io/remote-jobs/68196-remote-full-stack-developer-tech-lead-comparamais,Are,,Remote
https://remoteok.io/remote-jobs/68190-remote-senior-software-engineer-go-moltin,"",,Remote
https://remoteok.io/remote-jobs/68185-remote-senior-software-engineer-avanoo,"",,Remote
https://remoteok.io/remote-jobs/68183-remote-senior-software-engineer-wikimedia-foundation,Container,,Remote
https://remoteok.io/remote-jobs/68181-remote-node-js-react-js-developer-starlight-group,"",,"React, Remote"
https://remoteok.io/remote-jobs/68182-remote-senior-javascript-developer-dillon-software,"",,Remote
https://remoteok.io/remote-jobs/68180-remote-senior-android-developer-tallygo,"",,Remote
https://remoteok.io/remote-jobs/68175-remote-senior-software-engineer-tenable,"",,Remote
https://remoteok.io/remote-jobs/68176-remote-principal-software-engineer-tenable,"",,"Ruby, Remote"
https://remoteok.io/remote-jobs/68177-remote-sr-developer-hays-london-city-cheapside,Up,,Remote
https://remoteok.io/remote-jobs/68178-remote-react-developer-stint,Clients,,"Ruby, React, Remote"
https://remoteok.io/remote-jobs/68169-remote-python-senior-developer-remote-ymn-group,"",,Remote
https://remoteok.io/remote-jobs/68167-remote-senior-reactjs-developer-kraken-bitcoin-exchange,Rpc,,"React, Remote"
https://remoteok.io/remote-jobs/68163-remote-golang-developer-aog-jobs,"",,"React, Remote"
https://remoteok.io/remote-jobs/68162-remote-senior-software-engineer-whos-excited-graphql-react-reaction-commerce,"Americas, appropriate",,"React, Remote, Graphql"
https://remoteok.io/remote-jobs/68159-remote-senior-sharepoint-developer-authority-partners,"",,Remote
https://remoteok.io/remote-jobs/68158-remote-php-back-end-developer-time-doctor,Web,,"React, Remote"
https://remoteok.io/remote-jobs/68157-remote-senior-go-rails-developer-strings,Rate,,Remote
https://remoteok.io/remote-jobs/68151-remote-senior-ios-mobile-app-developer-jack-henry-associates-a,"",,Remote
https://remoteok.io/remote-jobs/68152-remote-free-bass-fishing-lessons-for-full-stack-magento-php-developer-catch-co,"",,Remote
https://remoteok.io/remote-jobs/68146-remote-senior-ruby-on-rails-developer-coinfalcon,"",,"Ruby, Remote"
https://remoteok.io/remote-jobs/68143-remote-integration-infrastructure-engineer-mozilla-foundation,"",,"React, Remote"
https://remoteok.io/remote-jobs/68140-remote-senior-front-end-developer-railroad19,Browser,,Remote
https://remoteok.io/remote-jobs/68138-remote-senior-backend-developer-modern-tribe,Wordpress,,Remote
https://remoteok.io/remote-jobs/68137-remote-ruby-on-rails-developer-argo-trade-solutions,Atmosphere,,"Ruby, Remote"
https://remoteok.io/remote-jobs/68132-remote-senior-ruby-full-stack-developer-estately,Discriminate,,"Ruby, React, Remote"
https://remoteok.io/remote-jobs/68127-remote-senior-salesforce-developer-synaptic-partners,C,,Remote
https://remoteok.io/remote-jobs/68126-remote-react-native-developer-hays-plc,"",,"React, Remote"
https://remoteok.io/remote-jobs/68125-remote-software-engineer-manager-nalpeiron,Uk,,Remote
https://remoteok.io/remote-jobs/68123-remote-sr-php-developer-suntecktts,"",,Remote
https://remoteok.io/remote-jobs/68121-remote-api-developer-consultant-robert-bosch,Web,,Remote
https://remoteok.io/remote-jobs/68111-remote-senior-full-stack-developer-nymcard,"",,Remote
https://remoteok.io/remote-jobs/68112-remote-software-engineer-frontend-kraken-bitcoin-exchange,"",,"React, Remote"
https://remoteok.io/remote-jobs/68107-remote-go-developer-third-light,"",,Remote
https://remoteok.io/remote-jobs/68109-remote-lead-dynamics-crm-365-developer-architect-wealth-dynamix,Company,,Remote
https://remoteok.io/remote-jobs/68105-remote-business-intelligence-developer-consultant-iridium-technology,Is,,Remote
https://remoteok.io/remote-jobs/68104-remote-golang-developer-mmg-fusion,"",,Remote
https://remoteok.io/remote-jobs/68102-remote-junior-software-engineer-formstack,"",,Remote
https://remoteok.io/remote-jobs/68103-remote-lead-software-engineer-formstack,"",,Remote
https://remoteok.io/remote-jobs/68101-remote-senior-full-stack-rails-developer-year-old-startup,Flexible{linebreak}{linebreak}weâre,,Remote
https://remoteok.io/remote-jobs/68124-remote-back-end-software-engineer-t-mobile-usa,"Ability, cloud",,Remote
https://remoteok.io/remote-jobs/68088-remote-golang-developer-mmg-fusion-llc,"",,Remote
https://remoteok.io/remote-jobs/68086-remote-senior-software-engineer-sought-join-skycoin-team-skycoin,"",,Remote
https://remoteok.io/remote-jobs/68068-remote-frontend-entwickler-fur-e-commerce-startup-sportspar,"",,"React, Remote"
https://remoteok.io/remote-jobs/68067-remote-full-stack-developer-wizehive,"",,Remote
https://remoteok.io/remote-jobs/68060-remote-ui-designer-front-end-developer-ivpn,"",,Remote
https://remoteok.io/remote-jobs/68142-remote-js-fullstack-developer-filestage,"",,Remote
https://remoteok.io/remote-jobs/68063-remote-senior-software-engineer-openly,"",,Remote
https://remoteok.io/remote-jobs/68059-remote-senior-software-engineer-the-because-market,Cloud,,Remote
https://remoteok.io/remote-jobs/68043-remote-go-software-engineer-circonus,"",,Remote
https://remoteok.io/remote-jobs/68045-remote-drupal-cloud-developer-platform-sh,"",,Remote
https://remoteok.io/remote-jobs/68044-remote-go-developer-employer-represented-by-techfolk,"",,Remote
https://remoteok.io/remote-jobs/68034-remote-senior-ios-software-engineer-7tv-joint-venture,"",,Remote
https://remoteok.io/remote-jobs/68037-remote-lead-open-source-developer-jbs-custom-software-solutions,Rest,,Remote
https://remoteok.io/remote-jobs/68036-remote-frontend-entwickler-ilum-e-informatik-ag,"",,"React, Remote"
https://remoteok.io/remote-jobs/68032-remote-front-end-developer-time-doctor,"",,Remote
https://remoteok.io/remote-jobs/68027-remote-front-end-developer-with-full-stack-experience-bocada-llc,"",,Remote
https://remoteok.io/remote-jobs/68019-remote-software-engineer-resin-io,"",,Remote
https://remoteok.io/remote-jobs/68020-remote-front-end-developer-resin-io,Javascript,,"React, Remote"
https://remoteok.io/remote-jobs/68017-remote-ios-developer-mobiquity,"",,Remote
https://remoteok.io/remote-jobs/68024-remote-hybrid-mobile-developer-ionic-clevertech,"",,Remote
https://remoteok.io/remote-jobs/68013-remote-contract-front-end-ui-developer-twin-technologies,"",,Remote
https://remoteok.io/remote-jobs/68014-remote-contract-service-back-end-developer-twin-technologies,"",,Remote
https://remoteok.io/remote-jobs/68007-remote-react-f-e-web-develoer-zokri,"",,"React, Remote"
https://remoteok.io/remote-jobs/68010-remote-front-end-developer-surematics,Them,,"React, Remote"
https://remoteok.io/remote-jobs/68006-remote-backend-project-developer-l-project-lead-iot-connctd-gmbh,"",,Remote
https://remoteok.io/remote-jobs/68186-remote-full-stack-developer-gopato,Javascript,,"React, Remote"
https://remoteok.io/remote-jobs/68000-remote-senior-vp-of-software-engineering-operations-crossover,"",,Remote
https://remoteok.io/remote-jobs/68001-remote-evp-of-software-engineering-operations-crossover,"",,Remote
https://remoteok.io/remote-jobs/67998-remote-senior-full-stack-java-kotlin-developer-redock,"",,"React, Remote, Graphql"
https://remoteok.io/remote-jobs/67996-remote-java-developer-entando,"",,Remote
https://remoteok.io/remote-jobs/68072-remote-senior-java-software-engineer-trivago-n-v,Java,,Remote
https://remoteok.io/remote-jobs/67992-remote-sql-net-developer-zircoa,"",,Remote
https://remoteok.io/remote-jobs/67991-remote-windows-desktop-developer-fur-data-warehouse-business-process-software-hks-informatik,"",,Remote
https://remoteok.io/remote-jobs/67989-remote-software-engineer-packer-hashicorp,"",,Remote
https://remoteok.io/remote-jobs/68057-remote-software-development-engineer-test-blacklined,"",,Remote
https://remoteok.io/remote-jobs/67990-remote-node-js-developer-roostermoney,"",,Remote
https://remoteok.io/remote-jobs/67987-remote-lead-software-engineer-veer-west,Web,,Remote
https://remoteok.io/remote-jobs/67986-remote-android-developer-crosscomm,Durham,,Remote
https://remoteok.io/remote-jobs/67984-remote-back-end-software-engineer-waldo-photos,"",,Remote
https://remoteok.io/remote-jobs/67975-remote-sales-support-software-engineer-powerinbox,"",,"Ruby, Remote"
https://remoteok.io/remote-jobs/67978-remote-erfahrener-c-entwickler-mit-interesse-an-windows-internals-vast-limits,"",,Remote
https://remoteok.io/remote-jobs/67972-remote-full-stack-ruby-on-rails-developer-growing-saas-company-helpjuice,"",,"Ruby, Remote"
https://remoteok.io/remote-jobs/67968-remote-senior-full-stack-developer-payit,Cloud,,"React, Remote"
https://remoteok.io/remote-jobs/67967-remote-python-software-engineer-data-integration-doximity,"",,Remote
https://remoteok.io/remote-jobs/67965-remote-senior-software-engineer-harris,Software,,"Ruby, Remote"
https://remoteok.io/remote-jobs/67964-remote-wordpress-developer-elegant-themes,Php,,Remote
https://remoteok.io/remote-jobs/67963-remote-senior-ibm-bpm-developer-discover,"",,Remote
https://remoteok.io/remote-jobs/67994-remote-java-developer-edge-laboratories-ag,Stack,,Remote
https://remoteok.io/remote-jobs/67948-remote-experienced-3d-software-engineers-for-awesome-cutting-edge-projects-augmented-reality-virtual-reality-raytracing-webgl-ue4-and-more-4d-pipeline,"",,Remote
https://remoteok.io/remote-jobs/67960-remote-software-engineer-ii-allegro-development,"",,Remote
https://remoteok.io/remote-jobs/68048-remote-5g-software-development-nokia,"",,Remote
https://remoteok.io/remote-jobs/68049-remote-c-developer-for-5g-mobile-network-nokia,"",,Remote
https://remoteok.io/remote-jobs/68269-remote-software-engineer-iot-platform-development-or-technologies,"",,Remote
https://remoteok.io/remote-jobs/67944-remote-senior-native-android-developer-open,"",,Remote
https://remoteok.io/remote-jobs/67938-remote-frontend-engineer-remote-empire-flippers,Independent,,Remote
https://remoteok.io/remote-jobs/67936-remote-full-stack-developer-territory-foods,"",,"React, Remote"
https://remoteok.io/remote-jobs/67935-remote-senior-etl-developer-objectwise-consulting-group,"",,Remote
https://remoteok.io/remote-jobs/67932-remote-cybersecurity-software-engineer-cylera,"",,Remote
https://remoteok.io/remote-jobs/68080-remote-software-engineer-hadoop-trivago-n-v,Warehouse,,Remote
https://remoteok.io/remote-jobs/68081-remote-ios-software-engineer-trivago-n-v,Hours,,"React, Remote"
https://remoteok.io/remote-jobs/67912-remote-software-engineer-php-integrations-taxjar,"",,Remote
https://remoteok.io/remote-jobs/67907-remote-react-native-typescript-mobile-developer-zept,"",,"React, Remote"
https://remoteok.io/remote-jobs/67906-remote-full-stack-rails-developer-format,"",,"Ruby, React, Remote"
https://remoteok.io/remote-jobs/67901-remote-javascript-developer-higher-learning-technologies,"",,Remote
https://remoteok.io/remote-jobs/67897-remote-senior-mobile-software-engineer-fleetio,Services{linebreak}{linebreak}what's,,"React, Remote"
https://remoteok.io/remote-jobs/67899-remote-ios-developer-aarons-tech,Mobile,,Remote
https://remoteok.io/remote-jobs/67895-remote-front-end-developer-octopus-energy,"",,"React, Remote"
https://remoteok.io/remote-jobs/67891-remote-ios-developer-m-f-komoot,"",,Remote
https://remoteok.io/remote-jobs/67890-remote-ios-developer-komoot,"",,Remote
https://remoteok.io/remote-jobs/67885-remote-backend-developer-the-hotelbeds-group,"",,Remote
https://remoteok.io/remote-jobs/67883-remote-ios-developer-mycos-technologies,"",,Remote
https://remoteok.io/remote-jobs/67884-remote-developer-iress,"",,Remote
https://remoteok.io/remote-jobs/67877-remote-backend-software-engineer-smartbnb,Is,,Remote
https://remoteok.io/remote-jobs/67875-remote-javascript-developer-adstream,Team,,"React, Remote"
https://remoteok.io/remote-jobs/67876-remote-senior-node-javascript-developer-adstream,Team,,Remote
https://remoteok.io/remote-jobs/67871-remote-lead-software-engineer-oliver-wyman-labs,Pipeline,,"React, Remote"
https://remoteok.io/remote-jobs/67870-remote-full-stack-web-entwickler-compeople-ag,"",,Remote
https://remoteok.io/remote-jobs/68073-remote-software-engineer-python-trivago-n-v,Hours,,Remote
https://remoteok.io/remote-jobs/67865-remote-senior-software-test-quality-assurance-engineer-third-iron,"",,Remote
https://remoteok.io/remote-jobs/67893-remote-cordova-meteor-developer-integrate-app-payments-scryent,"",,Remote
https://remoteok.io/remote-jobs/67864-remote-senior-software-engineer-fivebox,"",,"Ruby, Remote"
https://remoteok.io/remote-jobs/67930-remote-software-engineer-front-end-t-mobile-usa,Solutions,,Remote
https://remoteok.io/remote-jobs/67862-remote-intermediate-senior-software-developer-web-asp-net-c-harris,Microsoft,,Remote
https://remoteok.io/remote-jobs/67863-remote-senior-java-developer-oreilly-auto-parts,"",,Remote
https://remoteok.io/remote-jobs/68250-remote-mobile-developer-oreilly-auto-parts,"",,Remote
https://remoteok.io/remote-jobs/67857-remote-python-backend-developer-in-wroclaw-pl-kangaroo,"",,Remote
https://remoteok.io/remote-jobs/67856-remote-remote-full-stack-developer-c-net-reactjs-cloud-build-modern-apis-a-fortune-top-50-best-small-workplace-repay,"",,Remote
https://remoteok.io/remote-jobs/67853-remote-frontend-lead-developer-serenytics,"",,Remote
https://remoteok.io/remote-jobs/67855-remote-software-engineer-quicken-loans,"",,Remote
https://remoteok.io/remote-jobs/67851-remote-experienced-go-developer-mesg,"",,Remote
https://remoteok.io/remote-jobs/67844-remote-software-engineer-ey,"",,Remote
https://remoteok.io/remote-jobs/67837-remote-senior-full-stack-web-developer-mobiquity,Unix,,"React, Remote"
https://remoteok.io/remote-jobs/67833-remote-senior-full-stack-developer-airline-software-zulu-airline-systems,"",,Remote
https://remoteok.io/remote-jobs/67830-remote-front-end-developer-formstack,"",,Remote
https://remoteok.io/remote-jobs/67824-remote-full-stack-developer-sulvo,"",,Remote
https://remoteok.io/remote-jobs/67822-remote-software-development-engineer-mediocre,"",,Remote
https://remoteok.io/remote-jobs/67816-remote-product-marketing-manager-sematext-group-inc-,"",,Remote
https://remoteok.io/remote-jobs/67814-remote-software-engineer-center-for-internet-security,Web,,Remote
https://remoteok.io/remote-jobs/67804-remote-net-winforms-developer-needed-scientific-software-solutions-exciting-medical-software-company,File,,Remote
https://remoteok.io/remote-jobs/67797-remote-react-web-developer-stukent,"",,"React, Remote"
https://remoteok.io/remote-jobs/67800-remote-mobile-android-developer-privus,"",,Remote
https://remoteok.io/remote-jobs/67795-remote-net-application-developer-polaris-aero,"",,Remote
https://remoteok.io/remote-jobs/67792-remote-web-developer-evok-advertising,"",,Remote
https://remoteok.io/remote-jobs/67786-remote-android-developer-ad-hoc-labs-burner,"",,Remote
https://remoteok.io/remote-jobs/67791-remote-ios-software-engineer-universe,"",,Remote
https://remoteok.io/remote-jobs/67783-remote-back-end-developer-sonnen,Remote,,Remote
https://remoteok.io/remote-jobs/67781-remote-backend-developer-software-engineer-sonnen,"",,Remote
https://remoteok.io/remote-jobs/67779-remote-electron-react-developer-time-doctor,Web,,"React, Remote"
https://remoteok.io/remote-jobs/67778-remote-lead-programmer-literacypro-systems,Environment,,Remote
https://remoteok.io/remote-jobs/67777-remote-unity-instructor-developer-circuit-stream,"",,Remote
https://remoteok.io/remote-jobs/67775-remote-senior-software-engineer-back-end-developer-olo,"",,Remote
https://remoteok.io/remote-jobs/67776-remote-full-stack-software-engineer-olo,Nyc,,Remote
https://remoteok.io/remote-jobs/67774-remote-senior-net-web-developer-en-software,"",,Remote
https://remoteok.io/remote-jobs/67773-remote-full-stack-developer-cumulus-consulting,"Following, michigan",,"React, Remote, Graphql"
https://remoteok.io/remote-jobs/67771-remote-mid-senior-scala-developer-findify,"",,Remote
https://remoteok.io/remote-jobs/67770-remote-software-engineer-datadog,"",,"Ruby, Remote"
https://remoteok.io/remote-jobs/67971-remote-web-developer-ksubaka,"",,"React, Remote"
https://remoteok.io/remote-jobs/67767-remote-software-engineer-trivago-n-v,Hours,,"Ruby, Remote"
https://remoteok.io/remote-jobs/67763-remote-node-js-developer-iot-purepoint,Is,,Remote
https://remoteok.io/remote-jobs/67758-remote-netsuite-software-developer-design-within-reach,"",,Remote
https://remoteok.io/remote-jobs/67756-remote-javascript-backend-developer-node-js-purepoint,Is,,Remote
https://remoteok.io/remote-jobs/67753-remote-golang-software-engineer-utility-warehouse,"",,Remote
https://remoteok.io/remote-jobs/67752-remote-senior-java-developer-boyle-software,"",,Remote
https://remoteok.io/remote-jobs/67751-remote-bitovi-javascript-developer-consultant-bitovi,"",,Remote
https://remoteok.io/remote-jobs/67747-remote-senior-android-java-developer-mapillary,Mostly,,Remote
https://remoteok.io/remote-jobs/67744-remote-software-development-engineer-strings,Methodology,,Remote
https://remoteok.io/remote-jobs/67950-remote-javascript-developer-noggin,"",,Remote
https://remoteok.io/remote-jobs/67741-remote-senior-php-developer-gubagoo,Florida,,Remote
https://remoteok.io/remote-jobs/67739-remote-software-engineer-php-research-square,"",,"React, Remote"
https://remoteok.io/remote-jobs/67738-remote-software-developer-arm,"",,Remote
https://remoteok.io/remote-jobs/67736-remote-backend-developer-property-meld,"",,Remote
https://remoteok.io/remote-jobs/67723-remote-javascript-angularjs-developer-argo-trade-solutions,App,,Remote
https://remoteok.io/remote-jobs/67722-remote-open-source-software-developer-suse,Platforms,,Remote
https://remoteok.io/remote-jobs/67720-remote-software-developer-data-manager-engineer-zumtobel-group,"",,Remote
https://remoteok.io/remote-jobs/67719-remote-full-stack-developer-buto,"",,"React, Remote"
https://remoteok.io/remote-jobs/68078-remote-gis-software-engineer-trivago-n-v,"For, hours",,"Ruby, Remote"
https://remoteok.io/remote-jobs/67735-remote-experienced-backend-javascript-meteor-developer-fame-intel,Rate,,Remote
https://remoteok.io/remote-jobs/67714-remote-senior-software-engineer-termsheet,"",,Remote
https://remoteok.io/remote-jobs/67713-remote-android-developer-gigsmart,"",,Remote
https://remoteok.io/remote-jobs/67709-remote-web-developer-crossway,"",,Remote
https://remoteok.io/remote-jobs/67708-remote-ios-developer-vaporware,"",,Remote
https://remoteok.io/remote-jobs/68075-remote-php-software-engineer-trivago-n-v,Prototype,,Remote
https://remoteok.io/remote-jobs/67697-remote-php-developer-engineer-doubledot-media,"But, zealand",,Remote
https://remoteok.io/remote-jobs/67688-remote-senior-backend-developer-mothership,Is,,Remote
https://remoteok.io/remote-jobs/67685-remote-software-engineer-nomad-backend-spark-integration-hashicorp,"",,Remote
https://remoteok.io/remote-jobs/67684-remote-back-end-developer-keyp,Will,,"Ruby, Remote"
https://remoteok.io/remote-jobs/67670-remote-senior-web-developer-10x-genomics,"",,"Ruby, React, Remote"
https://remoteok.io/remote-jobs/67671-remote-angularjs-nodejs-developer-hays,"",,Remote
https://remoteok.io/remote-jobs/67672-remote-senior-software-engineer-visualization-10x-genomics,"",,"React, Remote"
https://remoteok.io/remote-jobs/67674-remote-short-term-contract-xamarin-hybrid-shell-app-developer-palabraapps,"",,Remote
https://remoteok.io/remote-jobs/67669-remote-software-developer-elasticsearch-thresher,"",,Remote
https://remoteok.io/remote-jobs/67662-remote-senior-software-engineer-net-js-draftable,"",,"React, Remote"
https://remoteok.io/remote-jobs/67661-remote-senior-software-engineer-algorithm-draftable,"",,"React, Remote"
https://remoteok.io/remote-jobs/67660-remote-full-stack-software-engineer-federated-wireless,Cloud,,Remote
https://remoteok.io/remote-jobs/67657-remote-senior-beckend-developer-joox-music,"",,Remote
https://remoteok.io/remote-jobs/67656-remote-experienced-meteor-developer-treehouse-tech-group,"",,Remote
https://remoteok.io/remote-jobs/67655-remote-drupal-developer-with-react-experience-accella,"",,"Ruby, React, Remote"
https://remoteok.io/remote-jobs/67653-remote-software-developer-veson-nautical,Cloud,,"React, Remote"
https://remoteok.io/remote-jobs/67650-remote-golang-software-engineer-loodse,"",,Remote
https://remoteok.io/remote-jobs/67649-remote-c-go-software-engineer-networking-peerstream,"",,Remote
https://remoteok.io/remote-jobs/67648-remote-full-stack-net-developer-ixstrata,Are,,"Ruby, React, Remote"
https://remoteok.io/remote-jobs/67643-remote-react-native-javascript-developer-purepoint,Is,,"React, Remote"
https://remoteok.io/remote-jobs/68076-remote-software-engineer-javascript-trivago-n-v,Hours,,Remote
